Data_Venda,Cidade,Categoria_Produto,Qtd_Itens,Valor_Unitario,Faturamento
2026-01-01 00:00:00.000000000,Curitiba,Celulares,3,1876.54,5629.62
2026-01-01 08:44:41.081081081,Sao Paulo,Celulares,3,4772.93,14318.79
2026-01-01 17:29:22.162162162,Belo Horizonte,Moveis,1,550.02,550.02
2026-01-02 02:14:03.243243243,Rio de Janeiro,Celulares,2,4592.81,9185.62
2026-01-02 10:58:44.324324324,Sao Paulo,Moveis,2,244.72,489.44
2026-01-02 19:43:25.405405405,Rio de Janeiro,Eletronicos,2,4296.02,8592.04
2026-01-03 04:28:06.486486486,Sao Paulo,Eletrodomesticos,3,2461.62,7384.86
2026-01-03 13:12:47.567567567,Rio de Janeiro,Eletrodomesticos,1,2790.01,2790.01
2026-01-03 21:57:28.648648648,Rio de Janeiro,Eletrodomesticos,2,1961.47,3922.94
2026-01-04 06:42:09.729729729,Belo Horizonte,Moveis,1,841.64,841.64
2026-01-04 15:26:50.810810810,Belo Horizonte,Eletronicos,2,1894.5,3789.0
2026-01-05 00:11:31.891891891,Sao Paulo,Moveis,3,1088.35,32.650.499.999.999.900
2026-01-05 08:56:12.972972973,Belo Horizonte,Moveis,4,960.24,3840.96
2026-01-05 17:40:54.054054054,Belo Horizonte,Moveis,3,955.06,2865.18
2026-01-06 02:25:35.135135135,Curitiba,Moveis,1,987.79,987.79
2026-01-06 11:10:16.216216216,Rio de Janeiro,Moveis,4,473.91,1895.64
2026-01-06 19:54:57.297297297,Sao Paulo,Moveis,2,451.21,902.42
2026-01-07 04:39:38.378378378,Curitiba,Eletrodomesticos,2,1409.74,2819.48
2026-01-07 13:24:19.459459459,Belo Horizonte,Eletrodomesticos,1,1119.11,1119.11
2026-01-07 22:09:00.540540540,Rio de Janeiro,Eletrodomesticos,1,1055.24,1055.24
2026-01-08 06:53:41.621621621,Curitiba,Celulares,2,6501.86,13003.72
2026-01-08 15:38:22.702702702,Sao Paulo,Moveis,1,632.38,632.38
2026-01-09 00:23:03.783783783,Curitiba,Eletrodomesticos,4,2652.52,10610.08
2026-01-09 09:07:44.864864864,Belo Horizonte,Moveis,3,1182.13,35.463.900.000.000.000
2026-01-09 17:52:25.945945946,Belo Horizonte,Eletronicos,4,4448.3,17793.2
2026-01-10 02:37:07.027027027,Curitiba,Celulares,4,6872.81,27491.24
2026-01-10 11:21:48.108108108,Belo Horizonte,Eletronicos,3,2061.02,61.830.599.999.999.900
2026-01-10 20:06:29.189189189,Sao Paulo,Celulares,2,6998.43,13996.86
2026-01-11 04:51:10.270270270,Rio de Janeiro,Moveis,1,1197.66,1197.66
2026-01-11 13:35:51.351351351,Belo Horizonte,Celulares,3,7929.06,23787.18
2026-01-11 22:20:32.432432432,Sao Paulo,Celulares,2,5580.96,11161.92
2026-01-12 07:05:13.513513513,Sao Paulo,Celulares,4,2817.28,11269.12
2026-01-12 15:49:54.594594594,Curitiba,Eletrodomesticos,3,2766.88,8300.64
2026-01-13 00:34:35.675675675,Rio de Janeiro,Celulares,4,4351.38,17405.52
2026-01-13 09:19:16.756756756,Belo Horizonte,Moveis,1,661.96,661.96
2026-01-13 18:03:57.837837837,Sao Paulo,Celulares,1,1479.94,1479.94
2026-01-14 02:48:38.918918919,Sao Paulo,Eletronicos,3,3815.89,11447.67
2026-01-14 11:33:20.000000000,Sao Paulo,Eletrodomesticos,1,1721.16,1721.16
2026-01-14 20:18:01.081081081,Sao Paulo,Eletronicos,1,3935.89,3935.89
2026-01-15 05:02:42.162162162,Rio de Janeiro,Moveis,1,1224.89,1224.89
2026-01-15 13:47:23.243243243,Curitiba,Eletronicos,2,2009.91,4019.82
2026-01-15 22:32:04.324324324,Belo Horizonte,Celulares,4,6583.49,26333.96
2026-01-16 07:16:45.405405405,Belo Horizonte,Eletronicos,3,1972.01,5916.03
2026-01-16 16:01:26.486486486,Curitiba,Celulares,3,4838.41,14515.23
2026-01-17 00:46:07.567567567,Belo Horizonte,Eletrodomesticos,2,839.01,1678.02
2026-01-17 09:30:48.648648648,Rio de Janeiro,Moveis,2,1248.3,2496.6
2026-01-17 18:15:29.729729729,Sao Paulo,Celulares,1,2305.49,2305.49
2026-01-18 03:00:10.810810810,Belo Horizonte,Celulares,2,4503.38,9006.76
2026-01-18 11:44:51.891891892,Curitiba,Moveis,2,266.66,533.32
2026-01-18 20:29:32.972972973,Sao Paulo,Moveis,1,485.68,485.68
2026-01-19 05:14:14.054054054,Rio de Janeiro,Eletrodomesticos,3,2611.74,7.835.219.999.999.990
2026-01-19 13:58:55.135135135,Belo Horizonte,Celulares,1,2000.05,2000.05
2026-01-19 22:43:36.216216216,Sao Paulo,Eletrodomesticos,4,877.98,3511.92
2026-01-20 07:28:17.297297297,Curitiba,Moveis,3,618.88,18.566.399.999.999.900
2026-01-20 16:12:58.378378378,Belo Horizonte,Moveis,2,867.32,1734.64
2026-01-21 00:57:39.459459459,Belo Horizonte,Moveis,2,770.63,1541.26
2026-01-21 09:42:20.540540540,Sao Paulo,Eletrodomesticos,4,2979.21,11916.84
2026-01-21 18:27:01.621621621,Sao Paulo,Eletronicos,3,4470.52,13.411.560.000.000.000
2026-01-22 03:11:42.702702702,Curitiba,Eletrodomesticos,4,1873.22,7492.88
2026-01-22 11:56:23.783783783,Sao Paulo,Celulares,2,4359.74,8719.48
2026-01-22 20:41:04.864864865,Belo Horizonte,Celulares,2,5567.63,11135.26
2026-01-23 05:25:45.945945946,Rio de Janeiro,Eletrodomesticos,4,2228.65,8914.6
2026-01-23 14:10:27.027027027,Sao Paulo,Celulares,4,1281.12,5124.48
2026-01-23 22:55:08.108108108,Curitiba,Moveis,1,1398.47,1398.47
2026-01-24 07:39:49.189189189,Curitiba,Eletronicos,3,3351.26,10053.78
2026-01-24 16:24:30.270270270,Curitiba,Moveis,3,959.03,2877.09
2026-01-25 01:09:11.351351351,Sao Paulo,Eletrodomesticos,1,2866.87,2866.87
2026-01-25 09:53:52.432432432,Curitiba,Celulares,1,3918.37,3918.37
2026-01-25 18:38:33.513513513,Curitiba,Eletrodomesticos,4,1387.0,5548.0
2026-01-26 03:23:14.594594594,Belo Horizonte,Eletrodomesticos,2,1547.63,3095.26
2026-01-26 12:07:55.675675675,Belo Horizonte,Celulares,4,5220.94,20883.76
2026-01-26 20:52:36.756756756,Belo Horizonte,Moveis,3,496.96,14.908.799.999.999.900
2026-01-27 05:37:17.837837838,Curitiba,Eletronicos,2,2522.0,5044.0
2026-01-27 14:21:58.918918919,Curitiba,Eletronicos,4,2617.62,10470.48
2026-01-27 23:06:40.000000000,Curitiba,Eletrodomesticos,4,1740.81,6963.24
2026-01-28 07:51:21.081081081,Curitiba,Celulares,3,5321.46,15.964.380.000.000.000
2026-01-28 16:36:02.162162162,Belo Horizonte,Eletrodomesticos,2,1763.27,3526.54
2026-01-29 01:20:43.243243243,Rio de Janeiro,Celulares,3,4543.14,13.629.420.000.000.000
2026-01-29 10:05:24.324324324,Rio de Janeiro,Moveis,2,289.78,579.56
2026-01-29 18:50:05.405405405,Belo Horizonte,Eletrodomesticos,3,1466.43,4399.29
2026-01-30 03:34:46.486486486,Rio de Janeiro,Eletronicos,1,2082.84,2082.84
2026-01-30 12:19:27.567567567,Curitiba,Moveis,4,1382.07,5528.28
2026-01-30 21:04:08.648648648,Rio de Janeiro,Celulares,2,1961.99,3923.98
2026-01-31 05:48:49.729729730,Sao Paulo,Eletrodomesticos,1,949.22,949.22
2026-01-31 14:33:30.810810811,Belo Horizonte,Moveis,1,1125.41,1125.41
2026-01-31 23:18:11.891891892,Sao Paulo,Eletrodomesticos,4,823.11,3292.44
2026-02-01 08:02:52.972972973,Curitiba,Celulares,1,5168.26,5168.26
2026-02-01 16:47:34.054054054,Curitiba,Celulares,2,3973.56,7947.12
2026-02-02 01:32:15.135135135,Curitiba,Eletrodomesticos,3,2847.76,8543.28
2026-02-02 10:16:56.216216216,Belo Horizonte,Celulares,4,6233.55,24934.2
2026-02-02 19:01:37.297297297,Rio de Janeiro,Eletrodomesticos,3,1842.71,5528.13
2026-02-03 03:46:18.378378378,Belo Horizonte,Eletrodomesticos,1,2577.27,2577.27
2026-02-03 12:30:59.459459459,Sao Paulo,Eletrodomesticos,1,1730.83,1730.83
2026-02-03 21:15:40.540540540,Belo Horizonte,Eletronicos,3,2846.49,8539.47
2026-02-04 06:00:21.621621621,Curitiba,Eletronicos,3,4855.62,14566.86
2026-02-04 14:45:02.702702703,Rio de Janeiro,Moveis,1,956.68,956.68
2026-02-04 23:29:43.783783784,Curitiba,Moveis,2,1366.99,2733.98
2026-02-05 08:14:24.864864865,Curitiba,Moveis,3,1234.81,3704.43
2026-02-05 16:59:05.945945946,Rio de Janeiro,Eletronicos,2,1875.79,3751.58
2026-02-06 01:43:47.027027027,Rio de Janeiro,Celulares,2,1745.92,3491.84
2026-02-06 10:28:28.108108108,Sao Paulo,Celulares,1,2914.56,2914.56
2026-02-06 19:13:09.189189189,Belo Horizonte,Moveis,2,1451.56,2903.12
2026-02-07 03:57:50.270270270,Curitiba,Celulares,1,1167.43,1167.43
2026-02-07 12:42:31.351351351,Rio de Janeiro,Celulares,4,5058.12,20232.48
2026-02-07 21:27:12.432432432,Curitiba,Celulares,1,6264.37,6264.37
2026-02-08 06:11:53.513513513,Belo Horizonte,Celulares,2,5202.37,10404.74
2026-02-08 14:56:34.594594594,Sao Paulo,Eletrodomesticos,1,1718.26,1718.26
2026-02-08 23:41:15.675675676,Curitiba,Eletronicos,1,3162.28,3162.28
2026-02-09 08:25:56.756756757,Belo Horizonte,Moveis,4,1351.07,5404.28
2026-02-09 17:10:37.837837838,Rio de Janeiro,Eletrodomesticos,1,1054.84,1054.84
2026-02-10 01:55:18.918918919,Rio de Janeiro,Eletronicos,4,2898.7,11594.8
2026-02-10 10:40:00.000000000,Rio de Janeiro,Eletrodomesticos,3,2308.95,6.926.849.999.999.990
2026-02-10 19:24:41.081081081,Belo Horizonte,Celulares,3,6280.84,18842.52
2026-02-11 04:09:22.162162162,Belo Horizonte,Eletronicos,1,3763.39,3763.39
2026-02-11 12:54:03.243243243,Curitiba,Celulares,2,2402.72,4805.44
2026-02-11 21:38:44.324324324,Sao Paulo,Eletronicos,1,1997.41,1997.41
2026-02-12 06:23:25.405405405,Sao Paulo,Moveis,1,732.24,732.24
2026-02-12 15:08:06.486486486,Sao Paulo,Eletronicos,3,3050.8,9.152.400.000.000.000
2026-02-12 23:52:47.567567567,Rio de Janeiro,Eletrodomesticos,3,2950.25,8850.75
2026-02-13 08:37:28.648648649,Sao Paulo,Celulares,1,5427.85,5427.85
2026-02-13 17:22:09.729729730,Curitiba,Moveis,3,1425.99,4277.97
2026-02-14 02:06:50.810810811,Sao Paulo,Celulares,1,2598.69,2598.69
2026-02-14 10:51:31.891891892,Belo Horizonte,Eletronicos,3,3649.01,10947.03
2026-02-14 19:36:12.972972973,Sao Paulo,Celulares,1,1924.83,1924.83
2026-02-15 04:20:54.054054054,Curitiba,Celulares,1,4431.37,4431.37
2026-02-15 13:05:35.135135135,Rio de Janeiro,Moveis,4,1174.59,4698.36
2026-02-15 21:50:16.216216216,Rio de Janeiro,Eletrodomesticos,4,920.48,3681.92
2026-02-16 06:34:57.297297297,Rio de Janeiro,Eletrodomesticos,2,911.67,1823.34
2026-02-16 15:19:38.378378378,Belo Horizonte,Eletronicos,4,4083.04,16332.16
2026-02-17 00:04:19.459459459,Belo Horizonte,Eletronicos,1,2569.89,2569.89
2026-02-17 08:49:00.540540540,Belo Horizonte,Moveis,3,599.67,17.990.099.999.999.900
2026-02-17 17:33:41.621621621,Belo Horizonte,Moveis,2,325.29,650.58
2026-02-18 02:18:22.702702703,Belo Horizonte,Eletrodomesticos,4,808.52,3234.08
2026-02-18 11:03:03.783783784,Sao Paulo,Eletrodomesticos,4,2991.94,11967.76
2026-02-18 19:47:44.864864865,Curitiba,Eletronicos,3,4134.17,12402.51
2026-02-19 04:32:25.945945946,Rio de Janeiro,Eletrodomesticos,2,1350.29,2700.58
2026-02-19 13:17:07.027027027,Belo Horizonte,Eletronicos,2,2077.72,4155.44
2026-02-19 22:01:48.108108108,Sao Paulo,Celulares,3,7247.63,21742.89
2026-02-20 06:46:29.189189189,Curitiba,Eletrodomesticos,3,2223.94,6671.82
2026-02-20 15:31:10.270270270,Rio de Janeiro,Celulares,4,5256.72,21026.88
2026-02-21 00:15:51.351351351,Curitiba,Moveis,4,607.89,2431.56
2026-02-21 09:00:32.432432432,Rio de Janeiro,Celulares,1,1207.58,1207.58
2026-02-21 17:45:13.513513513,Curitiba,Moveis,1,413.83,413.83
2026-02-22 02:29:54.594594594,Rio de Janeiro,Celulares,2,5491.36,10982.72
2026-02-22 11:14:35.675675676,Rio de Janeiro,Celulares,2,1231.83,2463.66
2026-02-22 19:59:16.756756757,Curitiba,Eletrodomesticos,4,2391.09,9564.36
2026-02-23 04:43:57.837837838,Rio de Janeiro,Eletronicos,4,3174.12,12696.48
2026-02-23 13:28:38.918918919,Curitiba,Eletronicos,2,3638.81,7277.62
2026-02-23 22:13:20.000000000,Belo Horizonte,Moveis,4,815.49,3261.96
2026-02-24 06:58:01.081081081,Rio de Janeiro,Eletrodomesticos,1,2140.85,2140.85
2026-02-24 15:42:42.162162162,Curitiba,Moveis,4,407.78,1631.12
2026-02-25 00:27:23.243243243,Rio de Janeiro,Moveis,1,1043.98,1043.98
2026-02-25 09:12:04.324324324,Curitiba,Eletrodomesticos,4,1333.57,5334.28
2026-02-25 17:56:45.405405406,Sao Paulo,Eletronicos,4,4488.53,17954.12
2026-02-26 02:41:26.486486487,Sao Paulo,Eletrodomesticos,4,1861.77,7447.08
2026-02-26 11:26:07.567567568,Curitiba,Eletrodomesticos,2,2322.02,4644.04
2026-02-26 20:10:48.648648649,Rio de Janeiro,Celulares,4,2665.94,10663.76
2026-02-27 04:55:29.729729730,Belo Horizonte,Moveis,2,1393.09,2786.18
2026-02-27 13:40:10.810810811,Rio de Janeiro,Moveis,1,1247.73,1247.73
2026-02-27 22:24:51.891891892,Curitiba,Eletrodomesticos,3,2142.03,6426.09
2026-02-28 07:09:32.972972973,Curitiba,Eletrodomesticos,1,2258.8,2258.8
2026-02-28 15:54:14.054054054,Curitiba,Moveis,3,1256.98,3770.94
2026-03-01 00:38:55.135135135,Curitiba,Moveis,1,676.12,676.12
2026-03-01 09:23:36.216216216,Belo Horizonte,Celulares,3,7637.59,22912.77
2026-03-01 18:08:17.297297297,Sao Paulo,Eletronicos,1,4720.03,4720.03
2026-03-02 02:52:58.378378379,Curitiba,Eletrodomesticos,2,2918.69,5837.38
2026-03-02 11:37:39.459459460,Curitiba,Eletronicos,2,3757.73,7515.46
2026-03-02 20:22:20.540540541,Curitiba,Eletrodomesticos,3,1416.09,42.482.699.999.999.900
2026-03-03 05:07:01.621621622,Curitiba,Eletrodomesticos,1,2291.66,2291.66
2026-03-03 13:51:42.702702703,Rio de Janeiro,Moveis,2,1021.44,2042.88
2026-03-03 22:36:23.783783784,Curitiba,Eletronicos,2,1655.57,3311.14
2026-03-04 07:21:04.864864865,Curitiba,Eletrodomesticos,3,2408.82,7.226.460.000.000.000
2026-03-04 16:05:45.945945946,Curitiba,Moveis,2,1022.97,2045.94
2026-03-05 00:50:27.027027027,Curitiba,Moveis,2,796.73,1593.46
2026-03-05 09:35:08.108108108,Rio de Janeiro,Eletrodomesticos,3,1293.65,38.809.500.000.000.000
2026-03-05 18:19:49.189189189,Rio de Janeiro,Moveis,1,671.15,671.15
2026-03-06 03:04:30.270270270,Curitiba,Eletronicos,4,2672.39,10689.56
2026-03-06 11:49:11.351351352,Curitiba,Moveis,1,1452.4,1452.4
2026-03-06 20:33:52.432432433,Belo Horizonte,Eletrodomesticos,2,2076.38,4152.76
2026-03-07 05:18:33.513513514,Rio de Janeiro,Eletronicos,4,4606.77,18427.08
2026-03-07 14:03:14.594594595,Rio de Janeiro,Eletronicos,4,4248.8,16995.2
2026-03-07 22:47:55.675675676,Sao Paulo,Eletrodomesticos,2,1861.78,3723.56
2026-03-08 07:32:36.756756757,Belo Horizonte,Eletronicos,3,4559.02,13.677.060.000.000.000
2026-03-08 16:17:17.837837838,Sao Paulo,Eletrodomesticos,3,2644.93,7.934.789.999.999.990
2026-03-09 01:01:58.918918919,Rio de Janeiro,Celulares,3,2532.61,7597.83
2026-03-09 09:46:40.000000000,Belo Horizonte,Eletronicos,1,4696.94,4696.94
2026-03-09 18:31:21.081081081,Sao Paulo,Celulares,2,5090.3,10180.6
2026-03-10 03:16:02.162162162,Curitiba,Eletrodomesticos,1,2556.41,2556.41
2026-03-10 12:00:43.243243243,Rio de Janeiro,Eletrodomesticos,3,2881.4,8644.2
2026-03-10 20:45:24.324324325,Belo Horizonte,Moveis,2,979.59,1959.18
2026-03-11 05:30:05.405405406,Curitiba,Eletronicos,3,4953.6,14.860.800.000.000.000
2026-03-11 14:14:46.486486487,Curitiba,Eletrodomesticos,2,1366.23,2732.46
2026-03-11 22:59:27.567567568,Rio de Janeiro,Moveis,2,1227.21,2454.42
2026-03-12 07:44:08.648648649,Belo Horizonte,Moveis,3,1138.77,3416.31
2026-03-12 16:28:49.729729730,Rio de Janeiro,Celulares,4,6760.52,27042.08
2026-03-13 01:13:30.810810811,Curitiba,Moveis,2,549.37,1098.74
2026-03-13 09:58:11.891891892,Rio de Janeiro,Eletrodomesticos,1,2436.27,2436.27
2026-03-13 18:42:52.972972973,Belo Horizonte,Eletronicos,3,2661.98,79.859.400.000.000.000
2026-03-14 03:27:34.054054054,Sao Paulo,Eletrodomesticos,1,1683.81,1683.81
2026-03-14 12:12:15.135135135,Curitiba,Moveis,3,1119.74,33.592.200.000.000.000
2026-03-14 20:56:56.216216216,Rio de Janeiro,Moveis,3,1188.93,3566.79
2026-03-15 05:41:37.297297297,Sao Paulo,Moveis,4,366.35,1465.4
2026-03-15 14:26:18.378378379,Curitiba,Eletrodomesticos,3,2883.57,8.650.710.000.000.000
2026-03-15 23:10:59.459459460,Curitiba,Eletrodomesticos,4,1423.32,5693.28
2026-03-16 07:55:40.540540541,Belo Horizonte,Moveis,2,1131.31,2262.62
2026-03-16 16:40:21.621621622,Curitiba,Eletronicos,4,3845.78,15383.12
2026-03-17 01:25:02.702702703,Belo Horizonte,Moveis,2,848.73,1697.46
2026-03-17 10:09:43.783783784,Sao Paulo,Eletrodomesticos,1,1260.72,1260.72
2026-03-17 18:54:24.864864865,Sao Paulo,Moveis,1,795.9,795.9
2026-03-18 03:39:05.945945946,Rio de Janeiro,Moveis,1,679.24,679.24
2026-03-18 12:23:47.027027027,Rio de Janeiro,Moveis,1,641.69,641.69
2026-03-18 21:08:28.108108108,Curitiba,Celulares,4,5631.41,22525.64
2026-03-19 05:53:09.189189189,Belo Horizonte,Eletronicos,1,3314.59,3314.59
2026-03-19 14:37:50.270270270,Belo Horizonte,Eletrodomesticos,4,2944.05,11776.2
2026-03-19 23:22:31.351351352,Sao Paulo,Celulares,1,1946.94,1946.94
2026-03-20 08:07:12.432432433,Sao Paulo,Eletrodomesticos,2,1162.39,2324.78
2026-03-20 16:51:53.513513514,Sao Paulo,Eletrodomesticos,3,1738.63,5215.89
2026-03-21 01:36:34.594594595,Curitiba,Moveis,4,1478.73,5914.92
2026-03-21 10:21:15.675675676,Rio de Janeiro,Eletronicos,2,2090.05,4180.1
2026-03-21 19:05:56.756756757,Sao Paulo,Celulares,4,4569.91,18279.64
2026-03-22 03:50:37.837837838,Curitiba,Celulares,3,2954.03,8862.09
2026-03-22 12:35:18.918918919,Belo Horizonte,Moveis,3,1279.47,3838.41
2026-03-22 21:20:00.000000000,Curitiba,Moveis,1,675.95,675.95
2026-03-23 06:04:41.081081081,Belo Horizonte,Eletronicos,4,2669.05,10676.2
2026-03-23 14:49:22.162162162,Sao Paulo,Eletronicos,2,4287.78,8575.56
2026-03-23 23:34:03.243243243,Belo Horizonte,Eletrodomesticos,4,1548.36,6193.44
2026-03-24 08:18:44.324324325,Belo Horizonte,Eletrodomesticos,2,2289.6,4579.2
2026-03-24 17:03:25.405405406,Rio de Janeiro,Celulares,1,6346.13,6346.13
2026-03-25 01:48:06.486486487,Belo Horizonte,Eletrodomesticos,2,1934.16,3868.32
2026-03-25 10:32:47.567567568,Belo Horizonte,Celulares,2,2428.4,4856.8
2026-03-25 19:17:28.648648649,Curitiba,Eletronicos,2,4098.74,8197.48
2026-03-26 04:02:09.729729730,Rio de Janeiro,Eletrodomesticos,1,2494.0,2494.0
2026-03-26 12:46:50.810810811,Curitiba,Eletrodomesticos,4,2976.72,11906.88
2026-03-26 21:31:31.891891892,Rio de Janeiro,Celulares,2,6123.48,12246.96
2026-03-27 06:16:12.972972973,Sao Paulo,Celulares,4,1077.53,4310.12
2026-03-27 15:00:54.054054054,Belo Horizonte,Eletronicos,1,4501.08,4501.08
2026-03-27 23:45:35.135135135,Belo Horizonte,Celulares,1,2997.36,2997.36
2026-03-28 08:30:16.216216216,Belo Horizonte,Celulares,4,2301.98,9207.92
2026-03-28 17:14:57.297297298,Curitiba,Eletrodomesticos,4,1606.44,6425.76
2026-03-29 01:59:38.378378379,Rio de Janeiro,Celulares,1,4975.3,4975.3
2026-03-29 10:44:19.459459460,Sao Paulo,Eletrodomesticos,4,850.83,3403.32
2026-03-29 19:29:00.540540541,Curitiba,Eletronicos,2,1987.42,3974.84
2026-03-30 04:13:41.621621622,Belo Horizonte,Eletrodomesticos,3,1807.01,5421.03
2026-03-30 12:58:22.702702703,Sao Paulo,Eletrodomesticos,3,2568.54,7705.62
2026-03-30 21:43:03.783783784,Belo Horizonte,Eletrodomesticos,4,1829.21,7316.84
2026-03-31 06:27:44.864864865,Curitiba,Moveis,3,261.2,7.835.999.999.999.990
2026-03-31 15:12:25.945945946,Belo Horizonte,Celulares,1,1951.13,1951.13
2026-03-31 23:57:07.027027027,Curitiba,Eletronicos,1,2829.54,2829.54
2026-04-01 08:41:48.108108108,Curitiba,Eletrodomesticos,1,2940.56,2940.56
2026-04-01 17:26:29.189189189,Rio de Janeiro,Moveis,4,1002.25,4009.0
2026-04-02 02:11:10.270270271,Sao Paulo,Moveis,1,768.19,768.19
2026-04-02 10:55:51.351351352,Belo Horizonte,Celulares,4,2250.01,9000.04
2026-04-02 19:40:32.432432433,Curitiba,Moveis,3,1344.23,4032.69
2026-04-03 04:25:13.513513514,Rio de Janeiro,Eletrodomesticos,3,1829.5,5488.5
2026-04-03 13:09:54.594594595,Belo Horizonte,Eletrodomesticos,1,1482.41,1482.41
2026-04-03 21:54:35.675675676,Sao Paulo,Moveis,3,506.84,1520.52
2026-04-04 06:39:16.756756757,Sao Paulo,Moveis,1,301.7,301.7
2026-04-04 15:23:57.837837838,Belo Horizonte,Celulares,3,6957.87,20873.61
2026-04-05 00:08:38.918918919,Curitiba,Moveis,1,1174.06,1174.06
2026-04-05 08:53:20.000000000,Rio de Janeiro,Eletrodomesticos,3,1744.94,5234.82
2026-04-05 17:38:01.081081081,Sao Paulo,Celulares,4,5774.93,23099.72
2026-04-06 02:22:42.162162162,Curitiba,Moveis,2,649.52,1299.04
2026-04-06 11:07:23.243243243,Curitiba,Moveis,1,1030.33,1030.33
2026-04-06 19:52:04.324324325,Sao Paulo,Eletronicos,2,2387.0,4774.0
2026-04-07 04:36:45.405405406,Rio de Janeiro,Eletronicos,3,1667.25,5001.75
2026-04-07 13:21:26.486486487,Sao Paulo,Moveis,1,1049.23,1049.23
2026-04-07 22:06:07.567567568,Sao Paulo,Eletronicos,4,2484.09,9936.36
2026-04-08 06:50:48.648648649,Sao Paulo,Eletrodomesticos,4,995.35,3981.4
2026-04-08 15:35:29.729729730,Belo Horizonte,Moveis,3,1380.78,4142.34
2026-04-09 00:20:10.810810811,Rio de Janeiro,Moveis,2,1423.02,2846.04
2026-04-09 09:04:51.891891892,Sao Paulo,Celulares,3,6297.73,18893.19
2026-04-09 17:49:32.972972973,Curitiba,Moveis,3,311.75,935.25
2026-04-10 02:34:14.054054054,Belo Horizonte,Eletrodomesticos,4,2808.84,11235.36
2026-04-10 11:18:55.135135135,Curitiba,Celulares,2,3428.65,6857.3
2026-04-10 20:03:36.216216216,Rio de Janeiro,Eletronicos,1,4798.84,4798.84
2026-04-11 04:48:17.297297298,Sao Paulo,Eletrodomesticos,3,2908.43,8.725.289.999.999.990
2026-04-11 13:32:58.378378379,Belo Horizonte,Moveis,4,883.78,3535.12
2026-04-11 22:17:39.459459460,Sao Paulo,Moveis,2,1135.09,2270.18
2026-04-12 07:02:20.540540541,Sao Paulo,Eletronicos,3,4927.73,14.783.189.999.999.900
2026-04-12 15:47:01.621621622,Sao Paulo,Celulares,3,7117.67,21.353.010.000.000.000
2026-04-13 00:31:42.702702703,Curitiba,Moveis,2,270.65,541.3
2026-04-13 09:16:23.783783784,Sao Paulo,Eletronicos,1,3717.33,3717.33
2026-04-13 18:01:04.864864865,Belo Horizonte,Eletronicos,2,4613.32,9226.64
2026-04-14 02:45:45.945945946,Belo Horizonte,Eletrodomesticos,4,2189.31,8757.24
2026-04-14 11:30:27.027027027,Curitiba,Eletronicos,1,2127.67,2127.67
2026-04-14 20:15:08.108108108,Belo Horizonte,Moveis,2,558.92,1117.84
2026-04-15 04:59:49.189189189,Belo Horizonte,Celulares,1,4577.27,4577.27
2026-04-15 13:44:30.270270270,Sao Paulo,Eletronicos,4,3805.32,15221.28
2026-04-15 22:29:11.351351352,Sao Paulo,Eletrodomesticos,1,1701.41,1701.41
2026-04-16 07:13:52.432432432,Rio de Janeiro,Celulares,2,3629.63,7259.26
2026-04-16 15:58:33.513513514,Sao Paulo,Eletrodomesticos,1,2884.83,2884.83
2026-04-17 00:43:14.594594594,Curitiba,Eletrodomesticos,4,1117.9,4471.6
2026-04-17 09:27:55.675675676,Belo Horizonte,Eletrodomesticos,2,2620.66,5241.32
2026-04-17 18:12:36.756756758,Curitiba,Eletronicos,3,3791.93,11.375.789.999.999.900
2026-04-18 02:57:17.837837838,Belo Horizonte,Celulares,3,4287.26,12861.78
2026-04-18 11:41:58.918918920,Belo Horizonte,Moveis,3,350.1,10.503.000.000.000.000
2026-04-18 20:26:40.000000000,Belo Horizonte,Eletronicos,2,3418.8,6837.6
2026-04-19 05:11:21.081081082,Sao Paulo,Celulares,3,2623.3,7.869.900.000.000.000
2026-04-19 13:56:02.162162162,Rio de Janeiro,Eletrodomesticos,2,1245.63,2491.26
2026-04-19 22:40:43.243243244,Curitiba,Eletrodomesticos,2,1889.61,3779.22
2026-04-20 07:25:24.324324324,Rio de Janeiro,Eletrodomesticos,3,2834.08,8502.24
2026-04-20 16:10:05.405405406,Sao Paulo,Eletronicos,3,4097.58,12292.74
2026-04-21 00:54:46.486486486,Rio de Janeiro,Eletronicos,4,2234.74,8938.96
2026-04-21 09:39:27.567567568,Sao Paulo,Eletrodomesticos,3,1838.54,5515.62
2026-04-21 18:24:08.648648648,Sao Paulo,Eletronicos,2,3164.58,6329.16
2026-04-22 03:08:49.729729730,Rio de Janeiro,Moveis,4,576.41,2305.64
2026-04-22 11:53:30.810810812,Rio de Janeiro,Eletrodomesticos,2,2584.53,5169.06
2026-04-22 20:38:11.891891892,Belo Horizonte,Moveis,3,1371.23,41.136.900.000.000.000
2026-04-23 05:22:52.972972974,Rio de Janeiro,Eletronicos,2,2992.35,5984.7
2026-04-23 14:07:34.054054054,Curitiba,Eletrodomesticos,3,931.9,2795.7
2026-04-23 22:52:15.135135136,Curitiba,Celulares,2,1217.45,2434.9
2026-04-24 07:36:56.216216216,Curitiba,Eletronicos,3,2679.06,8037.18
2026-04-24 16:21:37.297297298,Rio de Janeiro,Celulares,3,5407.26,16221.78
2026-04-25 01:06:18.378378378,Sao Paulo,Eletronicos,1,3952.71,3952.71
2026-04-25 09:50:59.459459460,Curitiba,Celulares,2,7032.2,14064.4
2026-04-25 18:35:40.540540540,Sao Paulo,Celulares,3,5539.71,16619.13
2026-04-26 03:20:21.621621622,Belo Horizonte,Eletronicos,2,4142.15,8284.3
2026-04-26 12:05:02.702702704,Rio de Janeiro,Eletronicos,1,2499.54,2499.54
2026-04-26 20:49:43.783783784,Curitiba,Moveis,2,207.52,415.04
2026-04-27 05:34:24.864864866,Sao Paulo,Eletrodomesticos,4,1994.73,7978.92
2026-04-27 14:19:05.945945946,Belo Horizonte,Eletrodomesticos,2,2719.4,5438.8
2026-04-27 23:03:47.027027028,Curitiba,Celulares,4,5725.89,22903.56
2026-04-28 07:48:28.108108108,Rio de Janeiro,Moveis,4,1007.06,4028.24
2026-04-28 16:33:09.189189190,Rio de Janeiro,Celulares,4,3995.1,15980.4
2026-04-29 01:17:50.270270270,Belo Horizonte,Eletrodomesticos,4,1365.23,5460.92
2026-04-29 10:02:31.351351352,Curitiba,Eletrodomesticos,4,2134.18,8536.72
2026-04-29 18:47:12.432432432,Belo Horizonte,Moveis,1,431.8,431.8
2026-04-30 03:31:53.513513514,Belo Horizonte,Moveis,3,365.73,1097.19
2026-04-30 12:16:34.594594594,Sao Paulo,Moveis,4,534.53,2138.12
2026-04-30 21:01:15.675675676,Rio de Janeiro,Moveis,1,725.37,725.37
2026-05-01 05:45:56.756756758,Sao Paulo,Eletronicos,3,3573.98,10721.94
2026-05-01 14:30:37.837837838,Sao Paulo,Celulares,2,1036.17,2072.34
2026-05-01 23:15:18.918918920,Belo Horizonte,Eletrodomesticos,3,1355.64,4066.92
2026-05-02 08:00:00.000000000,Sao Paulo,Eletronicos,2,4571.76,9143.52
2026-05-02 16:44:41.081081082,Curitiba,Eletrodomesticos,3,2616.18,7.848.539.999.999.990
2026-05-03 01:29:22.162162162,Rio de Janeiro,Eletrodomesticos,1,2817.46,2817.46
2026-05-03 10:14:03.243243244,Belo Horizonte,Moveis,4,739.16,2956.64
2026-05-03 18:58:44.324324324,Belo Horizonte,Moveis,4,835.83,3343.32
2026-05-04 03:43:25.405405406,Rio de Janeiro,Moveis,1,730.19,730.19
2026-05-04 12:28:06.486486486,Belo Horizonte,Eletrodomesticos,4,1839.8,7359.2
2026-05-04 21:12:47.567567568,Curitiba,Eletrodomesticos,4,1884.81,7539.24
2026-05-05 05:57:28.648648648,Sao Paulo,Moveis,1,887.02,887.02
2026-05-05 14:42:09.729729730,Curitiba,Eletronicos,4,2277.0,9108.0
2026-05-05 23:26:50.810810812,Belo Horizonte,Celulares,1,3748.15,3748.15
2026-05-06 08:11:31.891891892,Curitiba,Eletronicos,4,4540.31,18161.24
2026-05-06 16:56:12.972972974,Curitiba,Eletrodomesticos,4,1645.35,6581.4
2026-05-07 01:40:54.054054054,Belo Horizonte,Eletrodomesticos,1,2560.6,2560.6
2026-05-07 10:25:35.135135136,Sao Paulo,Eletrodomesticos,3,2667.07,8.001.210.000.000.000
2026-05-07 19:10:16.216216216,Belo Horizonte,Moveis,2,1156.18,2312.36
2026-05-08 03:54:57.297297298,Sao Paulo,Eletronicos,1,2327.88,2327.88
2026-05-08 12:39:38.378378378,Curitiba,Eletronicos,3,3390.52,10171.56
2026-05-08 21:24:19.459459460,Sao Paulo,Eletronicos,3,3397.31,10191.93
2026-05-09 06:09:00.540540540,Belo Horizonte,Eletronicos,1,1551.88,1551.88
2026-05-09 14:53:41.621621622,Belo Horizonte,Moveis,3,1130.86,3392.58
2026-05-09 23:38:22.702702704,Rio de Janeiro,Eletrodomesticos,3,1009.16,3027.48
2026-05-10 08:23:03.783783784,Belo Horizonte,Eletrodomesticos,1,2688.48,2688.48
2026-05-10 17:07:44.864864866,Belo Horizonte,Celulares,2,2499.31,4998.62
2026-05-11 01:52:25.945945946,Belo Horizonte,Celulares,4,1368.28,5473.12
2026-05-11 10:37:07.027027028,Rio de Janeiro,Eletrodomesticos,4,2266.88,9067.52
2026-05-11 19:21:48.108108108,Sao Paulo,Moveis,3,451.14,1353.42
2026-05-12 04:06:29.189189190,Rio de Janeiro,Eletronicos,2,4057.98,8115.96
2026-05-12 12:51:10.270270270,Sao Paulo,Moveis,1,964.23,964.23
2026-05-12 21:35:51.351351352,Curitiba,Celulares,3,6744.15,20.232.449.999.999.900
2026-05-13 06:20:32.432432432,Curitiba,Moveis,4,828.27,3313.08
2026-05-13 15:05:13.513513514,Rio de Janeiro,Moveis,1,1204.29,1204.29
2026-05-13 23:49:54.594594594,Belo Horizonte,Celulares,4,3345.63,13382.52
2026-05-14 08:34:35.675675676,Curitiba,Eletrodomesticos,2,1171.36,2342.72
2026-05-14 17:19:16.756756758,Belo Horizonte,Celulares,1,7683.01,7683.01
2026-05-15 02:03:57.837837838,Sao Paulo,Celulares,2,4079.64,8159.28
2026-05-15 10:48:38.918918920,Belo Horizonte,Eletronicos,3,4683.74,14051.22
2026-05-15 19:33:20.000000000,Belo Horizonte,Moveis,2,876.04,1752.08
2026-05-16 04:18:01.081081082,Sao Paulo,Moveis,3,1437.56,4312.68
2026-05-16 13:02:42.162162162,Sao Paulo,Celulares,4,7793.89,31175.56
2026-05-16 21:47:23.243243244,Sao Paulo,Eletrodomesticos,2,2248.25,4496.5
2026-05-17 06:32:04.324324324,Curitiba,Eletronicos,2,2714.91,5429.82
2026-05-17 15:16:45.405405406,Sao Paulo,Eletronicos,2,4685.4,9370.8
2026-05-18 00:01:26.486486486,Sao Paulo,Celulares,3,5428.24,16284.72
2026-05-18 08:46:07.567567568,Curitiba,Moveis,3,1426.49,4279.47
2026-05-18 17:30:48.648648650,Rio de Janeiro,Moveis,4,233.45,933.8
2026-05-19 02:15:29.729729730,Curitiba,Celulares,2,6507.78,13015.56
2026-05-19 11:00:10.810810812,Rio de Janeiro,Eletronicos,4,4223.72,16894.88
2026-05-19 19:44:51.891891892,Curitiba,Moveis,2,614.73,1229.46
2026-05-20 04:29:32.972972974,Curitiba,Moveis,1,1422.23,1422.23
2026-05-20 13:14:14.054054054,Rio de Janeiro,Moveis,4,285.09,1140.36
2026-05-20 21:58:55.135135136,Rio de Janeiro,Eletronicos,1,1732.0,1732.0
2026-05-21 06:43:36.216216216,Belo Horizonte,Eletrodomesticos,1,2931.73,2931.73
2026-05-21 15:28:17.297297298,Belo Horizonte,Moveis,2,1322.25,2644.5
2026-05-22 00:12:58.378378378,Sao Paulo,Celulares,1,3601.04,3601.04
2026-05-22 08:57:39.459459460,Rio de Janeiro,Eletrodomesticos,1,2803.7,2803.7
2026-05-22 17:42:20.540540540,Belo Horizonte,Celulares,3,6138.9,18.416.699.999.999.900
2026-05-23 02:27:01.621621622,Rio de Janeiro,Eletronicos,1,4593.56,4593.56
2026-05-23 11:11:42.702702704,Curitiba,Celulares,3,1849.87,5549.61
2026-05-23 19:56:23.783783784,Curitiba,Eletrodomesticos,1,1984.07,1984.07
2026-05-24 04:41:04.864864866,Belo Horizonte,Eletronicos,4,4767.68,19070.72
2026-05-24 13:25:45.945945946,Sao Paulo,Eletronicos,3,2763.55,8.290.650.000.000.000
2026-05-24 22:10:27.027027028,Rio de Janeiro,Eletrodomesticos,4,2528.48,10113.92
2026-05-25 06:55:08.108108108,Rio de Janeiro,Celulares,3,3625.14,10875.42
2026-05-25 15:39:49.189189190,Rio de Janeiro,Moveis,1,382.85,382.85
2026-05-26 00:24:30.270270270,Rio de Janeiro,Eletronicos,4,2300.13,9200.52
2026-05-26 09:09:11.351351352,Rio de Janeiro,Eletrodomesticos,1,865.87,865.87
2026-05-26 17:53:52.432432432,Sao Paulo,Eletrodomesticos,3,2803.28,8409.84
2026-05-27 02:38:33.513513514,Curitiba,Eletrodomesticos,2,2147.4,4294.8
2026-05-27 11:23:14.594594594,Sao Paulo,Celulares,4,6311.49,25245.96
2026-05-27 20:07:55.675675676,Sao Paulo,Eletrodomesticos,4,2355.8,9423.2
2026-05-28 04:52:36.756756758,Belo Horizonte,Celulares,1,5991.34,5991.34
2026-05-28 13:37:17.837837838,Sao Paulo,Eletronicos,3,3152.86,9458.58
2026-05-28 22:21:58.918918920,Belo Horizonte,Celulares,4,7257.55,29030.2
2026-05-29 07:06:40.000000000,Curitiba,Moveis,3,771.07,2313.21
2026-05-29 15:51:21.081081082,Curitiba,Moveis,3,827.75,2483.25
2026-05-30 00:36:02.162162162,Belo Horizonte,Eletronicos,1,3250.69,3250.69
2026-05-30 09:20:43.243243244,Sao Paulo,Celulares,1,5481.28,5481.28
2026-05-30 18:05:24.324324324,Sao Paulo,Eletrodomesticos,2,1606.54,3213.08
2026-05-31 02:50:05.405405406,Sao Paulo,Eletrodomesticos,3,2672.39,8017.17
2026-05-31 11:34:46.486486486,Curitiba,Moveis,3,1272.64,3817.92
2026-05-31 20:19:27.567567568,Rio de Janeiro,Celulares,1,6316.04,6316.04
2026-06-01 05:04:08.648648650,Rio de Janeiro,Celulares,1,1035.08,1035.08
2026-06-01 13:48:49.729729730,Sao Paulo,Celulares,2,3019.87,6039.74
2026-06-01 22:33:30.810810812,Rio de Janeiro,Eletronicos,1,1604.04,1604.04
2026-06-02 07:18:11.891891892,Belo Horizonte,Moveis,3,793.62,2380.86
2026-06-02 16:02:52.972972974,Belo Horizonte,Eletrodomesticos,4,2625.14,10500.56
2026-06-03 00:47:34.054054054,Rio de Janeiro,Eletrodomesticos,3,2826.22,8478.66
2026-06-03 09:32:15.135135136,Rio de Janeiro,Eletrodomesticos,2,2218.54,4437.08
2026-06-03 18:16:56.216216216,Curitiba,Eletronicos,1,4842.41,4842.41
2026-06-04 03:01:37.297297298,Belo Horizonte,Moveis,2,974.49,1948.98
2026-06-04 11:46:18.378378378,Curitiba,Eletrodomesticos,1,2445.62,2445.62
2026-06-04 20:30:59.459459460,Rio de Janeiro,Celulares,4,1346.62,5386.48
2026-06-05 05:15:40.540540540,Rio de Janeiro,Moveis,4,949.73,3798.92
2026-06-05 14:00:21.621621622,Curitiba,Celulares,1,4359.71,4359.71
2026-06-05 22:45:02.702702704,Rio de Janeiro,Celulares,2,1253.38,2506.76
2026-06-06 07:29:43.783783784,Belo Horizonte,Eletronicos,4,4692.22,18768.88
2026-06-06 16:14:24.864864866,Rio de Janeiro,Eletrodomesticos,4,1915.77,7663.08
2026-06-07 00:59:05.945945946,Belo Horizonte,Eletrodomesticos,1,1299.43,1299.43
2026-06-07 09:43:47.027027028,Rio de Janeiro,Eletrodomesticos,1,2951.53,2951.53
2026-06-07 18:28:28.108108108,Curitiba,Celulares,4,1801.89,7207.56
2026-06-08 03:13:09.189189190,Belo Horizonte,Moveis,1,496.92,496.92
2026-06-08 11:57:50.270270270,Curitiba,Eletrodomesticos,1,1669.14,1669.14
2026-06-08 20:42:31.351351352,Sao Paulo,Celulares,2,2426.59,4853.18
2026-06-09 05:27:12.432432432,Curitiba,Eletrodomesticos,4,2878.96,11515.84
2026-06-09 14:11:53.513513514,Belo Horizonte,Eletronicos,3,3498.88,10496.64
2026-06-09 22:56:34.594594596,Belo Horizonte,Moveis,4,1135.68,4542.72
2026-06-10 07:41:15.675675676,Curitiba,Eletronicos,1,3340.73,3340.73
2026-06-10 16:25:56.756756758,Rio de Janeiro,Moveis,1,383.06,383.06
2026-06-11 01:10:37.837837838,Sao Paulo,Celulares,4,4411.19,17644.76
2026-06-11 09:55:18.918918920,Rio de Janeiro,Moveis,1,338.62,338.62
2026-06-11 18:40:00.000000000,Belo Horizonte,Eletrodomesticos,2,2173.05,4346.1
2026-06-12 03:24:41.081081082,Sao Paulo,Moveis,2,814.94,1629.88
2026-06-12 12:09:22.162162162,Rio de Janeiro,Eletronicos,3,4463.22,13389.66
2026-06-12 20:54:03.243243244,Sao Paulo,Celulares,1,1757.51,1757.51
2026-06-13 05:38:44.324324324,Sao Paulo,Eletrodomesticos,1,1555.27,1555.27
2026-06-13 14:23:25.405405406,Curitiba,Celulares,1,1529.11,1529.11
2026-06-13 23:08:06.486486486,Belo Horizonte,Celulares,3,6977.86,20.933.579.999.999.900
2026-06-14 07:52:47.567567568,Sao Paulo,Moveis,4,1407.0,5628.0
2026-06-14 16:37:28.648648650,Belo Horizonte,Celulares,1,5503.4,5503.4
2026-06-15 01:22:09.729729730,Rio de Janeiro,Eletrodomesticos,1,2521.35,2521.35
2026-06-15 10:06:50.810810812,Sao Paulo,Eletronicos,4,3605.32,14421.28
2026-06-15 18:51:31.891891892,Sao Paulo,Celulares,2,2603.78,5207.56
2026-06-16 03:36:12.972972974,Belo Horizonte,Celulares,4,1912.49,7649.96
2026-06-16 12:20:54.054054054,Rio de Janeiro,Eletronicos,4,2507.54,10030.16
2026-06-16 21:05:35.135135136,Rio de Janeiro,Eletronicos,4,3548.62,14194.48
2026-06-17 05:50:16.216216216,Belo Horizonte,Moveis,4,467.68,1870.72
2026-06-17 14:34:57.297297298,Curitiba,Celulares,2,4766.35,9532.7
2026-06-17 23:19:38.378378378,Rio de Janeiro,Eletrodomesticos,3,1593.9,4.781.700.000.000.000
2026-06-18 08:04:19.459459460,Belo Horizonte,Celulares,2,6895.0,13790.0
2026-06-18 16:49:00.540540540,Rio de Janeiro,Eletronicos,2,4697.41,9394.82
2026-06-19 01:33:41.621621622,Belo Horizonte,Eletronicos,1,2808.01,2808.01
2026-06-19 10:18:22.702702704,Belo Horizonte,Celulares,3,5850.88,17552.64
2026-06-19 19:03:03.783783784,Belo Horizonte,Celulares,1,5539.13,5539.13
2026-06-20 03:47:44.864864866,Rio de Janeiro,Eletronicos,4,3063.38,12253.52
2026-06-20 12:32:25.945945946,Belo Horizonte,Celulares,3,7776.99,23330.97
2026-06-20 21:17:07.027027028,Belo Horizonte,Eletrodomesticos,2,1850.15,3700.3
2026-06-21 06:01:48.108108108,Sao Paulo,Celulares,2,5514.7,11029.4
2026-06-21 14:46:29.189189190,Belo Horizonte,Eletronicos,4,3734.09,14936.36
2026-06-21 23:31:10.270270270,Rio de Janeiro,Eletrodomesticos,4,1109.23,4436.92
2026-06-22 08:15:51.351351352,Rio de Janeiro,Celulares,2,2182.12,4364.24
2026-06-22 17:00:32.432432432,Curitiba,Eletrodomesticos,4,1179.49,4717.96
2026-06-23 01:45:13.513513514,Sao Paulo,Eletrodomesticos,2,1119.85,2239.7
2026-06-23 10:29:54.594594596,Curitiba,Eletrodomesticos,2,2775.16,5550.32
2026-06-23 19:14:35.675675676,Rio de Janeiro,Eletronicos,1,2539.63,2539.63
2026-06-24 03:59:16.756756758,Curitiba,Eletrodomesticos,2,1261.98,2523.96
2026-06-24 12:43:57.837837838,Sao Paulo,Eletrodomesticos,3,1342.74,40.282.200.000.000.000
2026-06-24 21:28:38.918918920,Curitiba,Eletrodomesticos,3,1205.67,3617.01
2026-06-25 06:13:20.000000000,Sao Paulo,Moveis,1,471.44,471.44
2026-06-25 14:58:01.081081082,Curitiba,Eletronicos,1,4753.76,4753.76
2026-06-25 23:42:42.162162162,Sao Paulo,Moveis,2,1397.95,2795.9
2026-06-26 08:27:23.243243244,Belo Horizonte,Celulares,3,4316.55,12.949.650.000.000.000
2026-06-26 17:12:04.324324324,Belo Horizonte,Eletronicos,2,3396.89,6793.78
2026-06-27 01:56:45.405405406,Sao Paulo,Eletronicos,4,2530.47,10121.88
2026-06-27 10:41:26.486486486,Sao Paulo,Moveis,2,1041.69,2083.38
2026-06-27 19:26:07.567567568,Curitiba,Eletrodomesticos,4,1255.81,5023.24
2026-06-28 04:10:48.648648650,Curitiba,Moveis,3,889.16,2667.48
2026-06-28 12:55:29.729729730,Curitiba,Celulares,2,3123.66,6247.32
2026-06-28 21:40:10.810810812,Belo Horizonte,Eletrodomesticos,4,1066.55,4266.2
2026-06-29 06:24:51.891891892,Rio de Janeiro,Celulares,4,1691.18,6764.72
2026-06-29 15:09:32.972972974,Sao Paulo,Eletronicos,3,4223.63,12670.89
2026-06-29 23:54:14.054054054,Curitiba,Moveis,3,1452.25,4356.75
2026-06-30 08:38:55.135135136,Curitiba,Celulares,2,5903.67,11807.34
2026-06-30 17:23:36.216216216,Rio de Janeiro,Moveis,4,1333.29,5333.16
2026-07-01 02:08:17.297297298,Curitiba,Eletrodomesticos,3,2088.79,6266.37
2026-07-01 10:52:58.378378378,Rio de Janeiro,Eletrodomesticos,2,852.34,1704.68
2026-07-01 19:37:39.459459460,Belo Horizonte,Eletronicos,1,4340.14,4340.14
2026-07-02 04:22:20.540540542,Rio de Janeiro,Eletrodomesticos,1,1415.5,1415.5
2026-07-02 13:07:01.621621622,Belo Horizonte,Eletrodomesticos,2,2999.04,5998.08
2026-07-02 21:51:42.702702704,Belo Horizonte,Moveis,4,1408.12,5632.48
2026-07-03 06:36:23.783783784,Curitiba,Eletronicos,3,2727.65,8.182.950.000.000.000
2026-07-03 15:21:04.864864866,Belo Horizonte,Celulares,2,5437.94,10875.88
2026-07-04 00:05:45.945945946,Curitiba,Eletronicos,2,2606.84,5213.68
2026-07-04 08:50:27.027027028,Belo Horizonte,Eletrodomesticos,4,2344.23,9376.92
2026-07-04 17:35:08.108108108,Sao Paulo,Eletrodomesticos,4,2066.3,8265.2
2026-07-05 02:19:49.189189190,Belo Horizonte,Moveis,3,643.75,1931.25
2026-07-05 11:04:30.270270270,Belo Horizonte,Moveis,3,1313.9,39.417.000.000.000.000
2026-07-05 19:49:11.351351352,Sao Paulo,Celulares,3,2735.02,8205.06
2026-07-06 04:33:52.432432432,Curitiba,Eletrodomesticos,2,2289.4,4578.8
2026-07-06 13:18:33.513513514,Belo Horizonte,Celulares,1,1121.39,1121.39
2026-07-06 22:03:14.594594596,Rio de Janeiro,Eletrodomesticos,4,1581.65,6326.6
2026-07-07 06:47:55.675675676,Sao Paulo,Eletrodomesticos,2,1946.33,3892.66
2026-07-07 15:32:36.756756758,Belo Horizonte,Celulares,3,2724.92,8174.76
2026-07-08 00:17:17.837837838,Sao Paulo,Eletrodomesticos,2,2410.49,4820.98
2026-07-08 09:01:58.918918920,Rio de Janeiro,Eletrodomesticos,4,2377.98,9511.92
2026-07-08 17:46:40.000000000,Belo Horizonte,Moveis,1,1358.95,1358.95
2026-07-09 02:31:21.081081082,Rio de Janeiro,Moveis,2,324.75,649.5
2026-07-09 11:16:02.162162162,Belo Horizonte,Eletrodomesticos,3,2659.94,7979.82
2026-07-09 20:00:43.243243244,Belo Horizonte,Eletronicos,1,2819.57,2819.57
2026-07-10 04:45:24.324324324,Sao Paulo,Celulares,4,7860.5,31442.0
2026-07-10 13:30:05.405405406,Curitiba,Moveis,3,278.46,8.353.799.999.999.990
2026-07-10 22:14:46.486486486,Belo Horizonte,Eletrodomesticos,4,1644.91,6579.64
2026-07-11 06:59:27.567567568,Curitiba,Moveis,1,1467.45,1467.45
2026-07-11 15:44:08.648648650,Curitiba,Celulares,3,2098.48,62.954.400.000.000.000
2026-07-12 00:28:49.729729730,Rio de Janeiro,Celulares,3,1256.45,37.693.500.000.000.000
2026-07-12 09:13:30.810810812,Belo Horizonte,Celulares,2,5641.0,11282.0
2026-07-12 17:58:11.891891892,Curitiba,Moveis,3,741.39,2224.17
2026-07-13 02:42:52.972972974,Curitiba,Celulares,1,3088.2,3088.2
2026-07-13 11:27:34.054054054,Rio de Janeiro,Eletrodomesticos,1,1467.19,1467.19
2026-07-13 20:12:15.135135136,Curitiba,Eletrodomesticos,3,2479.95,7.439.849.999.999.990
2026-07-14 04:56:56.216216216,Curitiba,Eletronicos,3,1886.06,5658.18
2026-07-14 13:41:37.297297298,Sao Paulo,Eletrodomesticos,1,828.61,828.61
2026-07-14 22:26:18.378378378,Sao Paulo,Moveis,2,1289.77,2579.54
2026-07-15 07:10:59.459459460,Rio de Janeiro,Eletrodomesticos,3,1891.9,5.675.700.000.000.000
2026-07-15 15:55:40.540540542,Rio de Janeiro,Eletronicos,1,1894.14,1894.14
2026-07-16 00:40:21.621621622,Rio de Janeiro,Celulares,1,2343.77,2343.77
2026-07-16 09:25:02.702702704,Sao Paulo,Celulares,4,4459.49,17837.96
2026-07-16 18:09:43.783783784,Rio de Janeiro,Eletrodomesticos,2,1476.68,2953.36
2026-07-17 02:54:24.864864866,Rio de Janeiro,Moveis,4,1000.46,4001.84
2026-07-17 11:39:05.945945946,Curitiba,Eletrodomesticos,2,1209.69,2419.38
2026-07-17 20:23:47.027027028,Curitiba,Moveis,2,1056.57,2113.14
2026-07-18 05:08:28.108108108,Rio de Janeiro,Moveis,3,225.22,675.66
2026-07-18 13:53:09.189189190,Belo Horizonte,Moveis,4,1156.05,4624.2
2026-07-18 22:37:50.270270270,Curitiba,Celulares,2,4783.48,9566.96
2026-07-19 07:22:31.351351352,Rio de Janeiro,Eletronicos,3,3793.91,11381.73
2026-07-19 16:07:12.432432432,Rio de Janeiro,Moveis,2,220.02,440.04
2026-07-20 00:51:53.513513514,Belo Horizonte,Celulares,1,6052.2,6052.2
2026-07-20 09:36:34.594594596,Curitiba,Eletrodomesticos,3,2066.39,6199.17
2026-07-20 18:21:15.675675676,Belo Horizonte,Celulares,1,5270.49,5270.49
2026-07-21 03:05:56.756756758,Sao Paulo,Celulares,3,4004.06,12012.18
2026-07-21 11:50:37.837837838,Curitiba,Eletrodomesticos,3,1675.64,5026.92
2026-07-21 20:35:18.918918920,Sao Paulo,Moveis,3,292.36,877.08
2026-07-22 05:20:00.000000000,Belo Horizonte,Eletrodomesticos,1,1750.94,1750.94
2026-07-22 14:04:41.081081082,Rio de Janeiro,Eletrodomesticos,4,2783.11,11132.44
2026-07-22 22:49:22.162162162,Belo Horizonte,Eletronicos,1,4730.6,4730.6
2026-07-23 07:34:03.243243244,Belo Horizonte,Celulares,3,7487.04,22461.12
2026-07-23 16:18:44.324324324,Sao Paulo,Celulares,1,7002.51,7002.51
2026-07-24 01:03:25.405405406,Sao Paulo,Celulares,4,1788.86,7155.44
2026-07-24 09:48:06.486486488,Curitiba,Eletronicos,3,1667.52,50.025.599.999.999.900
2026-07-24 18:32:47.567567568,Rio de Janeiro,Celulares,4,1557.06,6228.24
2026-07-25 03:17:28.648648650,Sao Paulo,Eletrodomesticos,1,2735.61,2735.61
2026-07-25 12:02:09.729729730,Sao Paulo,Eletrodomesticos,4,1841.78,7367.12
2026-07-25 20:46:50.810810812,Rio de Janeiro,Moveis,4,1118.58,4474.32
2026-07-26 05:31:31.891891892,Belo Horizonte,Eletronicos,3,2257.8,6.773.400.000.000.000
2026-07-26 14:16:12.972972974,Sao Paulo,Celulares,1,6670.32,6670.32
2026-07-26 23:00:54.054054054,Curitiba,Eletrodomesticos,4,1493.92,5975.68
2026-07-27 07:45:35.135135136,Curitiba,Eletronicos,1,4431.45,4431.45
2026-07-27 16:30:16.216216216,Belo Horizonte,Celulares,1,2759.77,2759.77
2026-07-28 01:14:57.297297298,Sao Paulo,Celulares,4,6409.6,25638.4
2026-07-28 09:59:38.378378378,Rio de Janeiro,Eletronicos,3,3350.65,10051.95
2026-07-28 18:44:19.459459460,Sao Paulo,Eletronicos,3,3510.44,10531.32
2026-07-29 03:29:00.540540540,Belo Horizonte,Eletrodomesticos,1,2498.71,2498.71
2026-07-29 12:13:41.621621624,Curitiba,Eletronicos,4,4220.43,16881.72
2026-07-29 20:58:22.702702704,Rio de Janeiro,Eletrodomesticos,4,995.31,3981.24
2026-07-30 05:43:03.783783784,Curitiba,Eletrodomesticos,4,1787.33,7149.32
2026-07-30 14:27:44.864864864,Rio de Janeiro,Moveis,1,1459.93,1459.93
2026-07-30 23:12:25.945945948,Curitiba,Eletronicos,4,1748.68,6994.72
2026-07-31 07:57:07.027027028,Belo Horizonte,Moveis,1,923.96,923.96
2026-07-31 16:41:48.108108108,Rio de Janeiro,Eletrodomesticos,4,1088.06,4352.24
2026-08-01 01:26:29.189189188,Rio de Janeiro,Celulares,1,5725.84,5725.84
2026-08-01 10:11:10.270270272,Curitiba,Moveis,3,669.2,20.076.000.000.000.000
2026-08-01 18:55:51.351351352,Sao Paulo,Celulares,1,6122.24,6122.24
2026-08-02 03:40:32.432432432,Belo Horizonte,Celulares,1,4774.79,4774.79
2026-08-02 12:25:13.513513516,Rio de Janeiro,Eletrodomesticos,1,2581.55,2581.55
2026-08-02 21:09:54.594594596,Rio de Janeiro,Moveis,3,351.08,1053.24
2026-08-03 05:54:35.675675676,Rio de Janeiro,Eletrodomesticos,4,2789.04,11156.16
2026-08-03 14:39:16.756756756,Rio de Janeiro,Eletrodomesticos,1,1916.13,1916.13
2026-08-03 23:23:57.837837840,Rio de Janeiro,Moveis,3,375.67,1127.01
2026-08-04 08:08:38.918918920,Sao Paulo,Eletronicos,3,3211.32,9.633.960.000.000.000
2026-08-04 16:53:20.000000000,Belo Horizonte,Eletronicos,2,2656.32,5312.64
2026-08-05 01:38:01.081081080,Sao Paulo,Celulares,3,6334.41,19003.23
2026-08-05 10:22:42.162162164,Belo Horizonte,Eletrodomesticos,1,1362.01,1362.01
2026-08-05 19:07:23.243243244,Belo Horizonte,Moveis,4,591.05,2364.2
2026-08-06 03:52:04.324324324,Curitiba,Moveis,4,584.0,2336.0
2026-08-06 12:36:45.405405404,Sao Paulo,Moveis,2,1044.46,2088.92
2026-08-06 21:21:26.486486488,Sao Paulo,Celulares,2,5605.92,11211.84
2026-08-07 06:06:07.567567568,Curitiba,Eletrodomesticos,4,2043.45,8173.8
2026-08-07 14:50:48.648648648,Curitiba,Moveis,3,505.17,1515.51
2026-08-07 23:35:29.729729732,Curitiba,Celulares,2,1019.05,2038.1
2026-08-08 08:20:10.810810812,Belo Horizonte,Moveis,4,274.82,1099.28
2026-08-08 17:04:51.891891892,Curitiba,Celulares,3,4905.92,14717.76
2026-08-09 01:49:32.972972972,Rio de Janeiro,Celulares,2,4934.81,9869.62
2026-08-09 10:34:14.054054056,Rio de Janeiro,Moveis,2,1331.03,2662.06
2026-08-09 19:18:55.135135136,Sao Paulo,Celulares,2,4621.8,9243.6
2026-08-10 04:03:36.216216216,Sao Paulo,Eletrodomesticos,4,1065.65,4262.6
2026-08-10 12:48:17.297297296,Sao Paulo,Celulares,3,2908.67,8726.01
2026-08-10 21:32:58.378378380,Curitiba,Eletrodomesticos,4,1812.96,7251.84
2026-08-11 06:17:39.459459460,Curitiba,Eletronicos,2,4044.03,8088.06
2026-08-11 15:02:20.540540540,Belo Horizonte,Moveis,4,754.45,3017.8
2026-08-11 23:47:01.621621624,Curitiba,Celulares,4,5324.84,21299.36
2026-08-12 08:31:42.702702704,Sao Paulo,Eletronicos,3,4322.3,12.966.900.000.000.000
2026-08-12 17:16:23.783783784,Rio de Janeiro,Eletronicos,3,3868.38,11605.14
2026-08-13 02:01:04.864864864,Rio de Janeiro,Eletronicos,3,4619.03,13857.09
2026-08-13 10:45:45.945945948,Belo Horizonte,Moveis,1,452.42,452.42
2026-08-13 19:30:27.027027028,Sao Paulo,Eletrodomesticos,3,1998.64,5995.92
2026-08-14 04:15:08.108108108,Curitiba,Eletronicos,4,3879.74,15518.96
2026-08-14 12:59:49.189189188,Sao Paulo,Eletrodomesticos,4,836.46,3345.84
2026-08-14 21:44:30.270270272,Curitiba,Celulares,2,1947.06,3894.12
2026-08-15 06:29:11.351351352,Curitiba,Eletronicos,1,3342.59,3342.59
2026-08-15 15:13:52.432432432,Sao Paulo,Eletronicos,2,1891.37,3782.74
2026-08-15 23:58:33.513513516,Rio de Janeiro,Moveis,3,210.56,6.316.800.000.000.000
2026-08-16 08:43:14.594594596,Sao Paulo,Moveis,2,1309.46,2618.92
2026-08-16 17:27:55.675675676,Sao Paulo,Eletrodomesticos,3,2696.33,8088.99
2026-08-17 02:12:36.756756756,Rio de Janeiro,Eletrodomesticos,4,1214.95,4859.8
2026-08-17 10:57:17.837837840,Sao Paulo,Eletrodomesticos,3,2158.52,64.755.599.999.999.900
2026-08-17 19:41:58.918918920,Sao Paulo,Moveis,2,599.47,1198.94
2026-08-18 04:26:40.000000000,Belo Horizonte,Eletrodomesticos,3,2176.99,6.530.969.999.999.990
2026-08-18 13:11:21.081081080,Rio de Janeiro,Eletronicos,2,4534.05,9068.1
2026-08-18 21:56:02.162162164,Rio de Janeiro,Celulares,3,2260.67,6782.01
2026-08-19 06:40:43.243243244,Sao Paulo,Celulares,3,1011.69,3035.07
2026-08-19 15:25:24.324324324,Belo Horizonte,Eletrodomesticos,3,1157.99,34.739.700.000.000.000
2026-08-20 00:10:05.405405408,Rio de Janeiro,Eletronicos,1,2950.13,2950.13
2026-08-20 08:54:46.486486488,Sao Paulo,Eletronicos,2,2506.23,5012.46
2026-08-20 17:39:27.567567568,Sao Paulo,Eletrodomesticos,4,2631.69,10526.76
2026-08-21 02:24:08.648648648,Curitiba,Eletronicos,2,4431.28,8862.56
2026-08-21 11:08:49.729729732,Curitiba,Celulares,2,2252.25,4504.5
2026-08-21 19:53:30.810810812,Sao Paulo,Eletrodomesticos,1,1519.94,1519.94
2026-08-22 04:38:11.891891892,Belo Horizonte,Eletronicos,3,3467.54,10.402.619.999.999.900
2026-08-22 13:22:52.972972972,Belo Horizonte,Moveis,1,415.3,415.3
2026-08-22 22:07:34.054054056,Belo Horizonte,Eletronicos,3,3618.35,10855.05
2026-08-23 06:52:15.135135136,Curitiba,Celulares,1,4352.29,4352.29
2026-08-23 15:36:56.216216216,Sao Paulo,Celulares,1,4411.43,4411.43
2026-08-24 00:21:37.297297296,Sao Paulo,Eletrodomesticos,2,2172.85,4345.7
2026-08-24 09:06:18.378378380,Sao Paulo,Eletrodomesticos,1,1433.7,1433.7
2026-08-24 17:50:59.459459460,Sao Paulo,Celulares,2,1105.6,2211.2
2026-08-25 02:35:40.540540540,Belo Horizonte,Eletrodomesticos,1,2554.67,2554.67
2026-08-25 11:20:21.621621624,Rio de Janeiro,Celulares,3,2026.88,6080.64
2026-08-25 20:05:02.702702704,Belo Horizonte,Celulares,3,2438.57,7.315.710.000.000.000
2026-08-26 04:49:43.783783784,Belo Horizonte,Eletrodomesticos,3,2916.47,8749.41
2026-08-26 13:34:24.864864864,Rio de Janeiro,Eletronicos,1,4014.32,4014.32
2026-08-26 22:19:05.945945948,Curitiba,Moveis,3,1001.27,3003.81
2026-08-27 07:03:47.027027028,Sao Paulo,Celulares,2,1003.46,2006.92
2026-08-27 15:48:28.108108108,Belo Horizonte,Moveis,1,1405.82,1405.82
2026-08-28 00:33:09.189189188,Belo Horizonte,Eletronicos,2,3495.48,6990.96
2026-08-28 09:17:50.270270272,Curitiba,Eletronicos,4,2854.69,11418.76
2026-08-28 18:02:31.351351352,Curitiba,Eletrodomesticos,2,895.07,1790.14
2026-08-29 02:47:12.432432432,Sao Paulo,Eletronicos,4,3133.16,12532.64
2026-08-29 11:31:53.513513516,Belo Horizonte,Celulares,1,2825.03,2825.03
2026-08-29 20:16:34.594594596,Belo Horizonte,Eletrodomesticos,3,1611.52,48.345.599.999.999.900
2026-08-30 05:01:15.675675676,Rio de Janeiro,Eletronicos,3,2579.68,7.739.039.999.999.990
2026-08-30 13:45:56.756756756,Curitiba,Moveis,2,1058.23,2116.46
2026-08-30 22:30:37.837837840,Sao Paulo,Moveis,1,1446.15,1446.15
2026-08-31 07:15:18.918918920,Curitiba,Moveis,3,1307.51,39.225.299.999.999.900
2026-08-31 16:00:00.000000000,Rio de Janeiro,Eletrodomesticos,1,2725.77,2725.77
2026-09-01 00:44:41.081081080,Rio de Janeiro,Eletronicos,3,3351.42,10054.26
2026-09-01 09:29:22.162162164,Rio de Janeiro,Eletronicos,2,2008.08,4016.16
2026-09-01 18:14:03.243243244,Belo Horizonte,Eletronicos,3,2185.99,6.557.969.999.999.990
2026-09-02 02:58:44.324324324,Sao Paulo,Moveis,3,1141.52,3424.56
2026-09-02 11:43:25.405405408,Sao Paulo,Celulares,3,4263.15,12.789.449.999.999.900
2026-09-02 20:28:06.486486488,Rio de Janeiro,Eletrodomesticos,2,2060.81,4121.62
2026-09-03 05:12:47.567567568,Belo Horizonte,Eletronicos,3,1946.62,5839.86
2026-09-03 13:57:28.648648648,Sao Paulo,Moveis,1,947.01,947.01
2026-09-03 22:42:09.729729732,Rio de Janeiro,Eletrodomesticos,2,2495.18,4990.36
2026-09-04 07:26:50.810810812,Belo Horizonte,Moveis,3,1476.6,4.429.799.999.999.990
2026-09-04 16:11:31.891891892,Belo Horizonte,Celulares,3,5715.26,17145.78
2026-09-05 00:56:12.972972972,Rio de Janeiro,Celulares,1,1747.72,1747.72
2026-09-05 09:40:54.054054056,Belo Horizonte,Eletronicos,4,4973.96,19895.84
2026-09-05 18:25:35.135135136,Sao Paulo,Celulares,3,4407.82,13223.46
2026-09-06 03:10:16.216216216,Belo Horizonte,Eletronicos,3,2809.62,8428.86
2026-09-06 11:54:57.297297296,Belo Horizonte,Eletronicos,4,3787.15,15148.6
2026-09-06 20:39:38.378378380,Curitiba,Eletronicos,2,3217.04,6434.08
2026-09-07 05:24:19.459459460,Belo Horizonte,Eletrodomesticos,3,962.18,2886.54
2026-09-07 14:09:00.540540540,Sao Paulo,Moveis,2,899.69,1799.38
2026-09-07 22:53:41.621621624,Sao Paulo,Moveis,1,1393.84,1393.84
2026-09-08 07:38:22.702702704,Belo Horizonte,Eletronicos,1,2637.0,2637.0
2026-09-08 16:23:03.783783784,Belo Horizonte,Moveis,2,1321.92,2643.84
2026-09-09 01:07:44.864864864,Belo Horizonte,Eletronicos,3,2308.33,6924.99
2026-09-09 09:52:25.945945948,Sao Paulo,Moveis,3,793.83,23.814.900.000.000.000
2026-09-09 18:37:07.027027028,Belo Horizonte,Moveis,1,435.15,435.15
2026-09-10 03:21:48.108108108,Sao Paulo,Eletronicos,2,2513.16,5026.32
2026-09-10 12:06:29.189189188,Sao Paulo,Eletronicos,3,1894.12,5682.36
2026-09-10 20:51:10.270270272,Curitiba,Celulares,3,7957.76,23873.28
2026-09-11 05:35:51.351351352,Belo Horizonte,Moveis,2,464.55,929.1
2026-09-11 14:20:32.432432432,Sao Paulo,Eletrodomesticos,2,2432.38,4864.76
2026-09-11 23:05:13.513513516,Rio de Janeiro,Moveis,2,1492.98,2985.96
2026-09-12 07:49:54.594594596,Curitiba,Moveis,1,634.47,634.47
2026-09-12 16:34:35.675675676,Sao Paulo,Celulares,3,7068.91,21206.73
2026-09-13 01:19:16.756756756,Rio de Janeiro,Eletronicos,2,1694.79,3389.58
2026-09-13 10:03:57.837837840,Rio de Janeiro,Eletrodomesticos,4,2459.23,9836.92
2026-09-13 18:48:38.918918920,Sao Paulo,Eletronicos,4,4036.49,16145.96
2026-09-14 03:33:20.000000000,Sao Paulo,Eletrodomesticos,1,1710.57,1710.57
2026-09-14 12:18:01.081081080,Rio de Janeiro,Eletronicos,3,4185.35,12.556.050.000.000.000
2026-09-14 21:02:42.162162164,Belo Horizonte,Celulares,2,7191.71,14383.42
2026-09-15 05:47:23.243243244,Rio de Janeiro,Moveis,1,824.82,824.82
2026-09-15 14:32:04.324324324,Rio de Janeiro,Celulares,1,2310.26,2310.26
2026-09-15 23:16:45.405405408,Rio de Janeiro,Eletrodomesticos,3,2199.54,6598.62
2026-09-16 08:01:26.486486488,Sao Paulo,Eletrodomesticos,4,882.3,3529.2
2026-09-16 16:46:07.567567568,Curitiba,Celulares,3,1293.54,3880.62
2026-09-17 01:30:48.648648648,Rio de Janeiro,Eletrodomesticos,4,1676.8,6707.2
2026-09-17 10:15:29.729729732,Curitiba,Celulares,1,3980.54,3980.54
2026-09-17 19:00:10.810810812,Curitiba,Celulares,4,2603.14,10412.56
2026-09-18 03:44:51.891891892,Curitiba,Celulares,4,7447.48,29789.92
2026-09-18 12:29:32.972972972,Sao Paulo,Eletrodomesticos,4,2828.34,11313.36
2026-09-18 21:14:14.054054056,Curitiba,Eletronicos,3,3661.26,10983.78
2026-09-19 05:58:55.135135136,Curitiba,Eletrodomesticos,4,1579.77,6319.08
2026-09-19 14:43:36.216216216,Curitiba,Moveis,2,1214.15,2428.3
2026-09-19 23:28:17.297297296,Curitiba,Eletrodomesticos,1,1269.96,1269.96
2026-09-20 08:12:58.378378380,Rio de Janeiro,Eletronicos,1,3161.91,3161.91
2026-09-20 16:57:39.459459460,Rio de Janeiro,Eletrodomesticos,4,910.78,3643.12
2026-09-21 01:42:20.540540540,Rio de Janeiro,Eletronicos,3,3138.89,9416.67
2026-09-21 10:27:01.621621624,Belo Horizonte,Eletrodomesticos,3,1772.91,53.187.300.000.000.000
2026-09-21 19:11:42.702702704,Curitiba,Moveis,2,1269.13,2538.26
2026-09-22 03:56:23.783783784,Sao Paulo,Celulares,3,1989.87,5969.61
2026-09-22 12:41:04.864864864,Rio de Janeiro,Moveis,4,1167.93,4671.72
2026-09-22 21:25:45.945945948,Rio de Janeiro,Moveis,2,938.6,1877.2
2026-09-23 06:10:27.027027028,Belo Horizonte,Eletrodomesticos,2,890.6,1781.2
2026-09-23 14:55:08.108108108,Sao Paulo,Celulares,2,2406.27,4812.54
2026-09-23 23:39:49.189189188,Belo Horizonte,Eletrodomesticos,2,1475.18,2950.36
2026-09-24 08:24:30.270270272,Sao Paulo,Moveis,4,931.69,3726.76
2026-09-24 17:09:11.351351352,Sao Paulo,Moveis,4,1074.71,4298.84
2026-09-25 01:53:52.432432432,Curitiba,Eletronicos,3,2478.1,7.434.299.999.999.990
2026-09-25 10:38:33.513513516,Curitiba,Eletrodomesticos,2,2346.05,4692.1
2026-09-25 19:23:14.594594596,Rio de Janeiro,Celulares,1,7821.64,7821.64
2026-09-26 04:07:55.675675676,Belo Horizonte,Celulares,4,6720.35,26881.4
2026-09-26 12:52:36.756756756,Belo Horizonte,Eletronicos,3,2987.33,8961.99
2026-09-26 21:37:17.837837840,Rio de Janeiro,Celulares,2,2113.96,4227.92
2026-09-27 06:21:58.918918920,Rio de Janeiro,Eletrodomesticos,2,1440.18,2880.36
2026-09-27 15:06:40.000000000,Curitiba,Eletronicos,1,2064.22,2064.22
2026-09-27 23:51:21.081081080,Curitiba,Eletrodomesticos,1,1556.2,1556.2
2026-09-28 08:36:02.162162164,Curitiba,Eletrodomesticos,1,1196.45,1196.45
2026-09-28 17:20:43.243243244,Sao Paulo,Eletrodomesticos,3,2851.26,8553.78
2026-09-29 02:05:24.324324324,Belo Horizonte,Moveis,2,1409.21,2818.42
2026-09-29 10:50:05.405405408,Belo Horizonte,Eletrodomesticos,2,1174.02,2348.04
2026-09-29 19:34:46.486486488,Belo Horizonte,Eletronicos,3,3929.69,11789.07
2026-09-30 04:19:27.567567568,Sao Paulo,Eletrodomesticos,3,1863.37,5590.11
2026-09-30 13:04:08.648648648,Sao Paulo,Moveis,2,965.4,1930.8
2026-09-30 21:48:49.729729732,Belo Horizonte,Celulares,1,3674.83,3674.83
2026-10-01 06:33:30.810810812,Curitiba,Moveis,1,506.39,506.39
2026-10-01 15:18:11.891891892,Sao Paulo,Eletronicos,3,2490.93,7.472.789.999.999.990
2026-10-02 00:02:52.972972972,Belo Horizonte,Celulares,4,3173.45,12693.8
2026-10-02 08:47:34.054054056,Belo Horizonte,Eletrodomesticos,2,1251.91,2503.82
2026-10-02 17:32:15.135135136,Rio de Janeiro,Celulares,3,1642.48,49.274.400.000.000.000
2026-10-03 02:16:56.216216216,Curitiba,Celulares,3,5457.37,16372.11
2026-10-03 11:01:37.297297300,Sao Paulo,Eletrodomesticos,1,1087.41,1087.41
2026-10-03 19:46:18.378378380,Belo Horizonte,Celulares,3,5244.7,15.734.099.999.999.900
2026-10-04 04:30:59.459459460,Belo Horizonte,Moveis,3,1006.41,3019.23
2026-10-04 13:15:40.540540540,Curitiba,Moveis,3,1293.16,38.794.800.000.000.000
2026-10-04 22:00:21.621621624,Rio de Janeiro,Moveis,2,591.16,1182.32
2026-10-05 06:45:02.702702704,Sao Paulo,Eletronicos,3,2747.54,8.242.619.999.999.990
2026-10-05 15:29:43.783783784,Rio de Janeiro,Celulares,1,5575.62,5575.62
2026-10-06 00:14:24.864864864,Curitiba,Eletronicos,3,3378.83,10136.49
2026-10-06 08:59:05.945945948,Sao Paulo,Moveis,2,1439.83,2879.66
2026-10-06 17:43:47.027027028,Rio de Janeiro,Moveis,3,495.86,1487.58
2026-10-07 02:28:28.108108108,Curitiba,Moveis,1,886.88,886.88
2026-10-07 11:13:09.189189188,Rio de Janeiro,Eletrodomesticos,3,1684.36,5053.08
2026-10-07 19:57:50.270270272,Rio de Janeiro,Celulares,1,5200.41,5200.41
2026-10-08 04:42:31.351351352,Sao Paulo,Celulares,4,1409.4,5637.6
2026-10-08 13:27:12.432432432,Belo Horizonte,Celulares,4,2957.48,11829.92
2026-10-08 22:11:53.513513516,Sao Paulo,Eletronicos,4,3079.82,12319.28
2026-10-09 06:56:34.594594596,Curitiba,Eletronicos,2,4430.67,8861.34
2026-10-09 15:41:15.675675676,Sao Paulo,Eletronicos,4,3492.32,13969.28
2026-10-10 00:25:56.756756756,Sao Paulo,Eletrodomesticos,1,2883.64,2883.64
2026-10-10 09:10:37.837837840,Belo Horizonte,Celulares,4,4517.31,18069.24
2026-10-10 17:55:18.918918920,Belo Horizonte,Eletrodomesticos,4,2794.91,11179.64
2026-10-11 02:40:00.000000000,Belo Horizonte,Eletrodomesticos,3,2853.6,8560.8
2026-10-11 11:24:41.081081080,Belo Horizonte,Eletrodomesticos,3,2674.29,8022.87
2026-10-11 20:09:22.162162164,Sao Paulo,Eletronicos,2,4989.95,9979.9
2026-10-12 04:54:03.243243244,Belo Horizonte,Celulares,3,3127.6,9382.8
2026-10-12 13:38:44.324324324,Rio de Janeiro,Celulares,4,4102.89,16411.56
2026-10-12 22:23:25.405405408,Sao Paulo,Eletronicos,3,4017.74,12053.22
2026-10-13 07:08:06.486486488,Sao Paulo,Eletrodomesticos,2,1295.71,2591.42
2026-10-13 15:52:47.567567568,Sao Paulo,Moveis,4,1016.11,4064.44
2026-10-14 00:37:28.648648648,Curitiba,Moveis,3,922.81,2768.43
2026-10-14 09:22:09.729729732,Belo Horizonte,Eletrodomesticos,3,1489.88,4469.64
2026-10-14 18:06:50.810810812,Sao Paulo,Celulares,4,2203.68,8814.72
2026-10-15 02:51:31.891891892,Belo Horizonte,Eletrodomesticos,2,2454.37,4908.74
2026-10-15 11:36:12.972972972,Sao Paulo,Moveis,1,546.64,546.64
2026-10-15 20:20:54.054054056,Belo Horizonte,Eletrodomesticos,4,1874.32,7497.28
2026-10-16 05:05:35.135135136,Belo Horizonte,Celulares,3,3018.3,9.054.900.000.000.000
2026-10-16 13:50:16.216216216,Sao Paulo,Eletrodomesticos,1,1634.56,1634.56
2026-10-16 22:34:57.297297300,Curitiba,Eletrodomesticos,4,2774.54,11098.16
2026-10-17 07:19:38.378378380,Belo Horizonte,Moveis,1,1251.93,1251.93
2026-10-17 16:04:19.459459460,Sao Paulo,Moveis,4,320.21,1280.84
2026-10-18 00:49:00.540540540,Rio de Janeiro,Moveis,1,1197.06,1197.06
2026-10-18 09:33:41.621621624,Belo Horizonte,Eletronicos,4,4039.41,16157.64
2026-10-18 18:18:22.702702704,Rio de Janeiro,Celulares,3,5188.01,15564.03
2026-10-19 03:03:03.783783784,Rio de Janeiro,Eletrodomesticos,4,2552.42,10209.68
2026-10-19 11:47:44.864864864,Rio de Janeiro,Eletrodomesticos,3,1000.62,3001.86
2026-10-19 20:32:25.945945948,Curitiba,Eletronicos,1,4166.34,4166.34
2026-10-20 05:17:07.027027028,Rio de Janeiro,Moveis,1,608.46,608.46
2026-10-20 14:01:48.108108108,Sao Paulo,Moveis,2,286.19,572.38
2026-10-20 22:46:29.189189188,Rio de Janeiro,Eletronicos,1,2632.3,2632.3
2026-10-21 07:31:10.270270272,Sao Paulo,Eletrodomesticos,4,1070.17,4280.68
2026-10-21 16:15:51.351351352,Sao Paulo,Eletrodomesticos,2,2272.94,4545.88
2026-10-22 01:00:32.432432432,Curitiba,Eletrodomesticos,4,1090.93,4363.72
2026-10-22 09:45:13.513513516,Belo Horizonte,Eletrodomesticos,1,2641.17,2641.17
2026-10-22 18:29:54.594594596,Curitiba,Eletronicos,3,3001.88,9005.64
2026-10-23 03:14:35.675675676,Curitiba,Celulares,4,5968.16,23872.64
2026-10-23 11:59:16.756756756,Curitiba,Moveis,4,1365.95,5463.8
2026-10-23 20:43:57.837837840,Rio de Janeiro,Moveis,2,421.75,843.5
2026-10-24 05:28:38.918918920,Belo Horizonte,Eletrodomesticos,2,2750.2,5500.4
2026-10-24 14:13:20.000000000,Rio de Janeiro,Eletronicos,1,4737.28,4737.28
2026-10-24 22:58:01.081081080,Curitiba,Eletronicos,3,2174.66,6523.98
2026-10-25 07:42:42.162162164,Belo Horizonte,Celulares,4,3078.22,12312.88
2026-10-25 16:27:23.243243244,Sao Paulo,Eletronicos,2,4062.49,8124.98
2026-10-26 01:12:04.324324324,Belo Horizonte,Celulares,1,1167.18,1167.18
2026-10-26 09:56:45.405405408,Belo Horizonte,Moveis,4,1139.29,4557.16
2026-10-26 18:41:26.486486488,Curitiba,Celulares,2,4840.06,9680.12
2026-10-27 03:26:07.567567568,Rio de Janeiro,Eletrodomesticos,3,1523.58,4570.74
2026-10-27 12:10:48.648648648,Rio de Janeiro,Eletronicos,1,4693.33,4693.33
2026-10-27 20:55:29.729729732,Curitiba,Celulares,1,1548.37,1548.37
2026-10-28 05:40:10.810810812,Curitiba,Celulares,2,5415.02,10830.04
2026-10-28 14:24:51.891891892,Belo Horizonte,Moveis,1,236.57,236.57
2026-10-28 23:09:32.972972972,Rio de Janeiro,Eletronicos,3,1605.17,4815.51
2026-10-29 07:54:14.054054056,Sao Paulo,Eletronicos,2,4430.36,8860.72
2026-10-29 16:38:55.135135136,Curitiba,Moveis,3,753.44,2260.32
2026-10-30 01:23:36.216216216,Belo Horizonte,Moveis,1,1304.01,1304.01
2026-10-30 10:08:17.297297300,Rio de Janeiro,Eletrodomesticos,2,1032.26,2064.52
2026-10-30 18:52:58.378378380,Curitiba,Eletronicos,1,4152.62,4152.62
2026-10-31 03:37:39.459459460,Belo Horizonte,Eletronicos,4,2392.83,9571.32
2026-10-31 12:22:20.540540540,Sao Paulo,Eletrodomesticos,4,1950.14,7800.56
2026-10-31 21:07:01.621621624,Sao Paulo,Celulares,2,2994.97,5989.94
2026-11-01 05:51:42.702702704,Belo Horizonte,Eletrodomesticos,4,1289.35,5157.4
2026-11-01 14:36:23.783783784,Belo Horizonte,Eletronicos,1,3509.91,3509.91
2026-11-01 23:21:04.864864864,Sao Paulo,Celulares,1,4388.71,4388.71
2026-11-02 08:05:45.945945948,Belo Horizonte,Eletrodomesticos,2,2142.31,4284.62
2026-11-02 16:50:27.027027028,Belo Horizonte,Eletrodomesticos,1,1937.9,1937.9
2026-11-03 01:35:08.108108108,Curitiba,Eletrodomesticos,3,1404.18,4212.54
2026-11-03 10:19:49.189189188,Rio de Janeiro,Moveis,2,886.13,1772.26
2026-11-03 19:04:30.270270272,Curitiba,Eletronicos,2,1781.08,3562.16
2026-11-04 03:49:11.351351352,Curitiba,Eletrodomesticos,3,2310.72,6932.16
2026-11-04 12:33:52.432432432,Rio de Janeiro,Eletronicos,2,3176.05,6352.1
2026-11-04 21:18:33.513513516,Rio de Janeiro,Eletronicos,2,3528.42,7056.84
2026-11-05 06:03:14.594594596,Sao Paulo,Celulares,3,7182.17,21.546.510.000.000.000
2026-11-05 14:47:55.675675676,Sao Paulo,Moveis,4,868.01,3472.04
2026-11-05 23:32:36.756756756,Curitiba,Moveis,3,684.27,2052.81
2026-11-06 08:17:17.837837840,Rio de Janeiro,Celulares,4,4806.55,19226.2
2026-11-06 17:01:58.918918920,Curitiba,Celulares,2,6707.64,13415.28
2026-11-07 01:46:40.000000000,Rio de Janeiro,Eletrodomesticos,1,2626.27,2626.27
2026-11-07 10:31:21.081081080,Rio de Janeiro,Celulares,1,2585.71,2585.71
2026-11-07 19:16:02.162162164,Sao Paulo,Eletronicos,1,3011.01,3011.01
2026-11-08 04:00:43.243243244,Curitiba,Eletrodomesticos,3,2930.36,8791.08
2026-11-08 12:45:24.324324324,Curitiba,Moveis,2,1417.92,2835.84
2026-11-08 21:30:05.405405408,Sao Paulo,Moveis,3,621.49,1864.47
2026-11-09 06:14:46.486486488,Rio de Janeiro,Eletronicos,4,3756.88,15027.52
2026-11-09 14:59:27.567567568,Rio de Janeiro,Eletrodomesticos,1,2604.88,2604.88
2026-11-09 23:44:08.648648648,Belo Horizonte,Eletrodomesticos,1,2241.86,2241.86
2026-11-10 08:28:49.729729732,Rio de Janeiro,Eletronicos,2,1961.91,3923.82
2026-11-10 17:13:30.810810812,Curitiba,Eletronicos,2,1953.46,3906.92
2026-11-11 01:58:11.891891892,Sao Paulo,Eletrodomesticos,1,1280.4,1280.4
2026-11-11 10:42:52.972972972,Sao Paulo,Celulares,1,3681.2,3681.2
2026-11-11 19:27:34.054054056,Belo Horizonte,Eletrodomesticos,1,2992.81,2992.81
2026-11-12 04:12:15.135135136,Sao Paulo,Eletronicos,1,3883.23,3883.23
2026-11-12 12:56:56.216216216,Sao Paulo,Moveis,2,229.99,459.98
2026-11-12 21:41:37.297297300,Belo Horizonte,Eletronicos,1,2443.88,2443.88
2026-11-13 06:26:18.378378380,Belo Horizonte,Celulares,1,7518.71,7518.71
2026-11-13 15:10:59.459459460,Belo Horizonte,Eletrodomesticos,1,1266.96,1266.96
2026-11-13 23:55:40.540540540,Belo Horizonte,Moveis,1,635.38,635.38
2026-11-14 08:40:21.621621624,Curitiba,Eletrodomesticos,2,1323.86,2647.72
2026-11-14 17:25:02.702702704,Curitiba,Moveis,3,823.09,2469.27
2026-11-15 02:09:43.783783784,Belo Horizonte,Eletronicos,4,2373.84,9495.36
2026-11-15 10:54:24.864864864,Rio de Janeiro,Celulares,1,7346.21,7346.21
2026-11-15 19:39:05.945945948,Rio de Janeiro,Moveis,4,378.6,1514.4
2026-11-16 04:23:47.027027028,Belo Horizonte,Celulares,3,2855.13,8565.39
2026-11-16 13:08:28.108108108,Belo Horizonte,Moveis,1,1198.45,1198.45
2026-11-16 21:53:09.189189192,Curitiba,Moveis,3,296.86,890.58
2026-11-17 06:37:50.270270272,Curitiba,Celulares,3,7292.55,21877.65
2026-11-17 15:22:31.351351352,Rio de Janeiro,Moveis,2,383.34,766.68
2026-11-18 00:07:12.432432432,Rio de Janeiro,Eletrodomesticos,1,2291.32,2291.32
2026-11-18 08:51:53.513513516,Belo Horizonte,Moveis,1,408.98,408.98
2026-11-18 17:36:34.594594596,Rio de Janeiro,Moveis,2,421.94,843.88
2026-11-19 02:21:15.675675676,Curitiba,Celulares,2,4886.69,9773.38
2026-11-19 11:05:56.756756756,Curitiba,Eletrodomesticos,4,2036.53,8146.12
2026-11-19 19:50:37.837837840,Rio de Janeiro,Celulares,3,7013.62,21040.86
2026-11-20 04:35:18.918918920,Sao Paulo,Moveis,1,310.99,310.99
2026-11-20 13:20:00.000000000,Belo Horizonte,Celulares,3,3840.57,11.521.710.000.000.000
2026-11-20 22:04:41.081081080,Sao Paulo,Celulares,4,4658.07,18632.28
2026-11-21 06:49:22.162162164,Rio de Janeiro,Celulares,3,3807.96,11.423.880.000.000.000
2026-11-21 15:34:03.243243244,Belo Horizonte,Eletronicos,2,1720.04,3440.08
2026-11-22 00:18:44.324324324,Rio de Janeiro,Celulares,3,3943.19,11829.57
2026-11-22 09:03:25.405405408,Sao Paulo,Eletronicos,4,3321.19,13284.76
2026-11-22 17:48:06.486486488,Belo Horizonte,Celulares,4,2767.66,11070.64
2026-11-23 02:32:47.567567568,Sao Paulo,Moveis,1,820.87,820.87
2026-11-23 11:17:28.648648648,Sao Paulo,Celulares,4,6458.92,25835.68
2026-11-23 20:02:09.729729732,Rio de Janeiro,Eletrodomesticos,2,2634.15,5268.3
2026-11-24 04:46:50.810810812,Belo Horizonte,Moveis,4,1284.89,5139.56
2026-11-24 13:31:31.891891892,Rio de Janeiro,Eletrodomesticos,1,2207.8,2207.8
2026-11-24 22:16:12.972972972,Sao Paulo,Moveis,4,324.68,1298.72
2026-11-25 07:00:54.054054056,Rio de Janeiro,Eletronicos,1,2708.07,2708.07
2026-11-25 15:45:35.135135136,Belo Horizonte,Eletronicos,1,4925.74,4925.74
2026-11-26 00:30:16.216216216,Sao Paulo,Celulares,4,7861.07,31444.28
2026-11-26 09:14:57.297297300,Curitiba,Eletronicos,2,4075.96,8151.92
2026-11-26 17:59:38.378378380,Rio de Janeiro,Eletronicos,1,2331.09,2331.09
2026-11-27 02:44:19.459459460,Curitiba,Eletronicos,1,3917.66,3917.66
2026-11-27 11:29:00.540540540,Sao Paulo,Celulares,2,2729.07,5458.14
2026-11-27 20:13:41.621621624,Rio de Janeiro,Celulares,4,5734.77,22939.08
2026-11-28 04:58:22.702702704,Belo Horizonte,Celulares,4,2487.29,9949.16
2026-11-28 13:43:03.783783784,Sao Paulo,Moveis,2,1353.33,2706.66
2026-11-28 22:27:44.864864864,Sao Paulo,Moveis,4,201.41,805.64
2026-11-29 07:12:25.945945948,Belo Horizonte,Moveis,4,1364.39,5457.56
2026-11-29 15:57:07.027027028,Sao Paulo,Eletrodomesticos,4,1005.85,4023.4
2026-11-30 00:41:48.108108108,Curitiba,Eletrodomesticos,1,2141.16,2141.16
2026-11-30 09:26:29.189189192,Rio de Janeiro,Celulares,3,2472.27,74.168.099.999.999.900
2026-11-30 18:11:10.270270272,Curitiba,Eletronicos,4,2447.81,9791.24
2026-12-01 02:55:51.351351352,Belo Horizonte,Celulares,4,6411.95,25647.8
2026-12-01 11:40:32.432432432,Curitiba,Celulares,3,2004.45,6013.35
2026-12-01 20:25:13.513513516,Sao Paulo,Celulares,3,2406.18,7.218.539.999.999.990
2026-12-02 05:09:54.594594596,Sao Paulo,Celulares,3,3224.15,9672.45
2026-12-02 13:54:35.675675676,Curitiba,Eletronicos,4,2240.97,8963.88
2026-12-02 22:39:16.756756756,Curitiba,Eletrodomesticos,3,2789.47,8368.41
2026-12-03 07:23:57.837837840,Rio de Janeiro,Eletronicos,4,3936.85,15747.4
2026-12-03 16:08:38.918918920,Curitiba,Celulares,1,4921.68,4921.68
2026-12-04 00:53:20.000000000,Rio de Janeiro,Moveis,1,776.84,776.84
2026-12-04 09:38:01.081081080,Sao Paulo,Moveis,4,367.96,1471.84
2026-12-04 18:22:42.162162164,Sao Paulo,Moveis,4,633.31,2533.24
2026-12-05 03:07:23.243243244,Belo Horizonte,Eletronicos,1,4143.8,4143.8
2026-12-05 11:52:04.324324324,Belo Horizonte,Eletronicos,2,3758.98,7517.96
2026-12-05 20:36:45.405405408,Belo Horizonte,Celulares,1,3998.11,3998.11
2026-12-06 05:21:26.486486488,Curitiba,Eletronicos,1,2710.61,2710.61
2026-12-06 14:06:07.567567568,Belo Horizonte,Moveis,2,1065.23,2130.46
2026-12-06 22:50:48.648648648,Sao Paulo,Eletronicos,1,3471.39,3471.39
2026-12-07 07:35:29.729729732,Rio de Janeiro,Eletronicos,4,4308.4,17233.6
2026-12-07 16:20:10.810810812,Belo Horizonte,Eletronicos,2,4255.96,8511.92
2026-12-08 01:04:51.891891892,Rio de Janeiro,Eletrodomesticos,3,2109.79,6329.37
2026-12-08 09:49:32.972972972,Curitiba,Eletrodomesticos,4,2223.6,8894.4
2026-12-08 18:34:14.054054056,Curitiba,Celulares,3,5790.18,17370.54
2026-12-09 03:18:55.135135136,Sao Paulo,Moveis,3,314.87,944.61
2026-12-09 12:03:36.216216216,Sao Paulo,Eletronicos,1,3896.12,3896.12
2026-12-09 20:48:17.297297300,Belo Horizonte,Eletronicos,3,3571.26,10713.78
2026-12-10 05:32:58.378378380,Rio de Janeiro,Eletrodomesticos,1,2073.89,2073.89
2026-12-10 14:17:39.459459460,Curitiba,Eletrodomesticos,2,915.75,1831.5
2026-12-10 23:02:20.540540540,Rio de Janeiro,Celulares,1,1229.43,1229.43
2026-12-11 07:47:01.621621624,Belo Horizonte,Eletrodomesticos,4,2783.84,11135.36
2026-12-11 16:31:42.702702704,Sao Paulo,Eletrodomesticos,4,1550.75,6203.0
2026-12-12 01:16:23.783783784,Belo Horizonte,Moveis,1,938.56,938.56
2026-12-12 10:01:04.864864864,Sao Paulo,Celulares,2,1206.98,2413.96
2026-12-12 18:45:45.945945948,Curitiba,Eletrodomesticos,4,859.37,3437.48
2026-12-13 03:30:27.027027028,Rio de Janeiro,Eletronicos,2,3442.77,6885.54
2026-12-13 12:15:08.108108108,Rio de Janeiro,Celulares,2,3646.95,7293.9
2026-12-13 20:59:49.189189192,Belo Horizonte,Celulares,4,3260.74,13042.96
2026-12-14 05:44:30.270270272,Rio de Janeiro,Moveis,1,606.0,606.0
2026-12-14 14:29:11.351351352,Curitiba,Moveis,4,1168.07,4672.28
2026-12-14 23:13:52.432432432,Belo Horizonte,Moveis,1,655.13,655.13
2026-12-15 07:58:33.513513516,Rio de Janeiro,Celulares,1,3288.48,3288.48
2026-12-15 16:43:14.594594596,Curitiba,Eletronicos,1,1755.43,1755.43
2026-12-16 01:27:55.675675676,Sao Paulo,Eletronicos,2,4636.63,9273.26
2026-12-16 10:12:36.756756756,Sao Paulo,Celulares,1,6983.91,6983.91
2026-12-16 18:57:17.837837840,Curitiba,Moveis,4,1466.59,5866.36
2026-12-17 03:41:58.918918920,Rio de Janeiro,Celulares,2,2303.33,4606.66
2026-12-17 12:26:40.000000000,Belo Horizonte,Celulares,3,5792.83,17.378.489.999.999.900
2026-12-17 21:11:21.081081080,Rio de Janeiro,Moveis,4,1220.39,4881.56
2026-12-18 05:56:02.162162164,Curitiba,Celulares,2,6020.7,12041.4
2026-12-18 14:40:43.243243244,Sao Paulo,Eletrodomesticos,2,2288.24,4576.48
2026-12-18 23:25:24.324324324,Sao Paulo,Eletronicos,4,4033.4,16133.6
2026-12-19 08:10:05.405405408,Rio de Janeiro,Eletrodomesticos,2,2493.64,4987.28
2026-12-19 16:54:46.486486488,Sao Paulo,Eletronicos,2,4972.52,9945.04
2026-12-20 01:39:27.567567568,Belo Horizonte,Moveis,3,1167.01,35.010.299.999.999.900
2026-12-20 10:24:08.648648648,Rio de Janeiro,Eletrodomesticos,1,1894.56,1894.56
2026-12-20 19:08:49.729729732,Rio de Janeiro,Eletronicos,2,3409.4,6818.8
2026-12-21 03:53:30.810810812,Belo Horizonte,Eletronicos,1,2439.95,2439.95
2026-12-21 12:38:11.891891892,Rio de Janeiro,Eletrodomesticos,4,2898.67,11594.68
2026-12-21 21:22:52.972972972,Belo Horizonte,Eletrodomesticos,3,1941.26,5823.78
2026-12-22 06:07:34.054054056,Sao Paulo,Moveis,1,615.64,615.64
2026-12-22 14:52:15.135135136,Belo Horizonte,Eletronicos,4,3383.11,13532.44
2026-12-22 23:36:56.216216216,Curitiba,Celulares,1,5840.94,5840.94
2026-12-23 08:21:37.297297300,Belo Horizonte,Eletronicos,1,3524.14,3524.14
2026-12-23 17:06:18.378378380,Sao Paulo,Eletronicos,3,3689.09,11067.27
2026-12-24 01:50:59.459459460,Rio de Janeiro,Eletrodomesticos,1,1031.06,1031.06
2026-12-24 10:35:40.540540540,Rio de Janeiro,Eletrodomesticos,2,1067.27,2134.54
2026-12-24 19:20:21.621621624,Sao Paulo,Eletronicos,3,3140.34,9421.02
2026-12-25 04:05:02.702702704,Rio de Janeiro,Eletrodomesticos,3,1722.5,5167.5
2026-12-25 12:49:43.783783784,Belo Horizonte,Eletrodomesticos,4,1152.16,4608.64
2026-12-25 21:34:24.864864864,Rio de Janeiro,Eletrodomesticos,3,1443.96,4331.88
2026-12-26 06:19:05.945945948,Rio de Janeiro,Celulares,1,1201.28,1201.28
2026-12-26 15:03:47.027027028,Rio de Janeiro,Eletrodomesticos,3,1473.86,4421.58
2026-12-26 23:48:28.108108108,Sao Paulo,Eletronicos,3,1804.46,5413.38
2026-12-27 08:33:09.189189192,Rio de Janeiro,Moveis,2,336.25,672.5
2026-12-27 17:17:50.270270272,Rio de Janeiro,Eletrodomesticos,1,2544.22,2544.22
2026-12-28 02:02:31.351351352,Belo Horizonte,Eletrodomesticos,1,961.05,961.05
2026-12-28 10:47:12.432432432,Sao Paulo,Eletrodomesticos,3,2431.47,7294.41
2026-12-28 19:31:53.513513516,Rio de Janeiro,Moveis,4,448.39,1793.56
2026-12-29 04:16:34.594594596,Rio de Janeiro,Moveis,2,967.86,1935.72
2026-12-29 13:01:15.675675676,Curitiba,Moveis,3,1449.57,4348.71
2026-12-29 21:45:56.756756756,Sao Paulo,Celulares,3,7953.46,23860.38
2026-12-30 06:30:37.837837840,Curitiba,Moveis,4,1225.85,4903.4
2026-12-30 15:15:18.918918920,Rio de Janeiro,Celulares,2,6567.94,13135.88
2026-12-31 00:00:00.000000000,Rio de Janeiro,Celulares,2,5840.76,11681.52